$date
  Wed Feb 25 10:42:21 2026
$end
$version
  GHDL v0
$end
$timescale
  1 ns
$end
$scope module standard $end
$upscope $end
$scope module textio $end
$upscope $end
$scope module std_logic_1164 $end
$upscope $end
$scope module numeric_std $end
$upscope $end
$scope module adc_spi_tb $end
$var reg 1 ! clk $end
$var reg 1 " clk_spi $end
$var reg 1 # clk_trigger $end
$var reg 1 $ rst $end
$var reg 1 % spi_clk $end
$var reg 1 & spi_cs_n $end
$var reg 1 ' spi_data $end
$var reg 16 ( aso_data[15:0] $end
$var reg 1 ) aso_valid $end
$var reg 1 * aso_ready $end
$var reg 16 + adc_value[15:0] $end
$var reg 1 , sim_done $end
$scope module dut $end
$var reg 1 - clk $end
$var reg 1 . clk_spi $end
$var reg 1 / clk_trigger $end
$var reg 1 0 rst $end
$var reg 1 1 spi_clk $end
$var reg 1 2 spi_cs_n $end
$var reg 1 3 spi_data $end
$var reg 16 4 aso_data[15:0] $end
$var reg 1 5 aso_valid $end
$var reg 1 6 aso_ready $end
$var reg 16 7 shift_reg[15:0] $end
$var reg 4 8 bit_cnt[3:0] $end
$var reg 1 9 s_reset $end
$var reg 1 : start_conversion $end
$var reg 1 ; conversion_in_progress $end
$var reg 2 < start_conversion_ff[1:0] $end
$var reg 2 = conversion_done_ff[1:0] $end
$var reg 1 > conversion_done_sync $end
$var reg 3 ? conv_stage[2:0] $end
$var reg 16 @ aso_data_reg[15:0] $end
$var reg 1 A av_st_data_sent $end
$upscope $end
$upscope $end
$enddefinitions $end
#0
0!
0"
0#
1$
0%
1&
0'
b0000000000000000 (
0)
1*
b0010101010101000 +
0,
0-
0.
0/
10
01
12
03
b0000000000000000 4
05
16
b0000000000000000 7
b0000 8
19
0:
0;
b00 <
b00 =
0>
b000 ?
b0000000000000000 @
0A
#2
1!
1-
#4
0!
0-
#6
1!
1-
#8
0!
0-
#10
1!
1-
#12
0!
1"
0-
1.
#14
1!
1-
#16
0!
0-
#18
1!
1-
#20
0!
0-
#22
1!
1-
#24
0!
0"
0-
0.
#26
1!
1-
#28
0!
0-
#30
1!
1-
#32
0!
0-
#34
1!
1-
#36
0!
1"
0-
1.
#38
1!
1-
#40
0!
0-
#42
1!
1-
#44
0!
0-
#46
1!
1-
#48
0!
0"
0-
0.
#50
1!
1-
#52
0!
0-
#54
1!
1-
#56
0!
0-
#58
1!
1-
#60
0!
1"
0-
1.
#62
1!
1-
#64
0!
0-
#66
1!
1-
#68
0!
0-
#70
1!
1-
#72
0!
0"
0-
0.
#74
1!
1-
#76
0!
0-
#78
1!
1-
#80
0!
0-
#82
1!
1-
#84
0!
1"
0-
1.
#86
1!
1-
#88
0!
0-
#90
1!
1-
#92
0!
0-
#94
1!
1-
#96
0!
0"
0-
0.
#98
1!
1-
#100
0!
0$
0-
00
09
#102
1!
1)
1-
15
1A
#104
0!
0-
#106
1!
0)
1-
05
#108
0!
1"
0-
1.
#110
1!
1-
#112
0!
0-
#114
1!
1-
#116
0!
0-
#118
1!
1-
#120
0!
0"
0-
0.
#122
1!
1-
#124
0!
0-
#126
1!
1-
#128
0!
0-
#130
1!
1-
#132
0!
1"
0-
1.
#134
1!
1-
#136
0!
0-
#138
1!
1-
#140
0!
0-
#142
1!
1-
#144
0!
0"
0-
0.
#146
1!
1-
#148
0!
0-
#150
1!
1-
#152
0!
0-
#154
1!
1-
#156
0!
1"
0-
1.
#158
1!
1-
#160
0!
0-
#162
1!
1-
#164
0!
0-
#166
1!
1-
#168
0!
0"
0-
0.
#170
1!
1-
#172
0!
0-
#174
1!
1-
#176
0!
0-
#178
1!
1-
#180
0!
1"
0-
1.
#182
1!
1-
#184
0!
0-
#186
1!
1-
#188
0!
0-
#190
1!
1-
#192
0!
0"
0-
0.
#194
1!
1-
#196
0!
0-
#198
1!
1-
#200
0!
0-
#202
1!
1-
#204
0!
1"
0-
1.
#206
1!
1-
#208
0!
0-
#210
1!
1-
#212
0!
0-
#214
1!
1-
#216
0!
0"
0-
0.
#218
1!
1-
#220
0!
0-
#222
1!
1-
#224
0!
0-
#226
1!
1-
#228
0!
1"
0-
1.
#230
1!
1-
#232
0!
0-
#234
1!
1-
#236
0!
0-
#238
1!
1-
#240
0!
0"
0-
0.
#242
1!
1-
#244
0!
0-
#246
1!
1-
#248
0!
0-
#250
1!
1#
1-
1/
#252
0!
1"
0-
1.
1:
b01 <
#254
1!
1-
#256
0!
0-
#258
1!
1-
#260
0!
0-
#262
1!
1-
#264
0!
0"
0&
0-
0.
02
1;
b001 ?
#266
1!
1-
b01 =
#268
0!
0-
#270
1!
1-
b11 =
#272
0!
0-
#274
1!
1-
#276
0!
1"
1%
0-
1.
11
0:
b11 <
#278
1!
1-
#280
0!
0-
#282
1!
1-
#284
0!
0-
#286
1!
1-
#288
0!
0"
0%
0-
0.
01
b0001 8
#290
1!
1-
#292
0!
0-
#294
1!
1-
#296
0!
0-
#298
1!
1-
#300
0!
1"
1%
0-
1.
11
#302
1!
1-
#304
0!
0-
#306
1!
1-
#308
0!
0-
#310
1!
1-
#312
0!
0"
0%
0-
0.
01
b0010 8
#314
1!
1-
#316
0!
0-
#318
1!
1-
#320
0!
0-
#322
1!
1-
#324
0!
1"
1%
1'
0-
1.
11
13
#326
1!
1-
#328
0!
0-
#330
1!
1-
#332
0!
0-
#334
1!
1-
#336
0!
0"
0%
0-
0.
01
b0000000000000001 7
b0011 8
#338
1!
1-
#340
0!
0-
#342
1!
1-
#344
0!
0-
#346
1!
1-
#348
0!
1"
1%
0'
0-
1.
11
03
#350
1!
1-
#352
0!
0-
#354
1!
1-
#356
0!
0-
#358
1!
1-
#360
0!
0"
0%
0-
0.
01
b0000000000000010 7
b0100 8
#362
1!
1-
#364
0!
0-
#366
1!
1-
#368
0!
0-
#370
1!
1-
#372
0!
1"
1%
1'
0-
1.
11
13
#374
1!
1-
#376
0!
0-
#378
1!
1-
#380
0!
0-
#382
1!
1-
#384
0!
0"
0%
0-
0.
01
b0000000000000101 7
b0101 8
#386
1!
1-
#388
0!
0-
#390
1!
1-
#392
0!
0-
#394
1!
1-
#396
0!
1"
1%
0'
0-
1.
11
03
#398
1!
1-
#400
0!
0-
#402
1!
1-
#404
0!
0-
#406
1!
1-
#408
0!
0"
0%
0-
0.
01
b0000000000001010 7
b0110 8
#410
1!
1-
#412
0!
0-
#414
1!
1-
#416
0!
0-
#418
1!
1-
#420
0!
1"
1%
1'
0-
1.
11
13
#422
1!
1-
#424
0!
0-
#426
1!
1-
#428
0!
0-
#430
1!
1-
#432
0!
0"
0%
0-
0.
01
b0000000000010101 7
b0111 8
#434
1!
1-
#436
0!
0-
#438
1!
1-
#440
0!
0-
#442
1!
1-
#444
0!
1"
1%
0'
0-
1.
11
03
#446
1!
1-
#448
0!
0-
#450
1!
1-
#452
0!
0-
#454
1!
1-
#456
0!
0"
0%
0-
0.
01
b0000000000101010 7
b1000 8
#458
1!
1-
#460
0!
0-
#462
1!
1-
#464
0!
0-
#466
1!
1-
#468
0!
1"
1%
1'
0-
1.
11
13
#470
1!
1-
#472
0!
0-
#474
1!
1-
#476
0!
0-
#478
1!
1-
#480
0!
0"
0%
0-
0.
01
b0000000001010101 7
b1001 8
#482
1!
1-
#484
0!
0-
#486
1!
1-
#488
0!
0-
#490
1!
1-
#492
0!
1"
1%
0'
0-
1.
11
03
#494
1!
1-
#496
0!
0-
#498
1!
1-
#500
0!
0#
0-
0/
#502
1!
1-
#504
0!
0"
0%
0-
0.
01
b0000000010101010 7
b1010 8
#506
1!
1-
#508
0!
0-
#510
1!
1-
#512
0!
0-
#514
1!
1-
#516
0!
1"
1%
1'
0-
1.
11
13
b10 <
#518
1!
1-
#520
0!
0-
#522
1!
1-
#524
0!
0-
#526
1!
1-
#528
0!
0"
0%
0-
0.
01
b0000000101010101 7
b1011 8
#530
1!
1-
#532
0!
0-
#534
1!
1-
#536
0!
0-
#538
1!
1-
#540
0!
1"
1%
0'
0-
1.
11
03
b00 <
#542
1!
1-
#544
0!
0-
#546
1!
1-
#548
0!
0-
#550
1!
1-
#552
0!
0"
0%
0-
0.
01
b0000001010101010 7
b1100 8
#554
1!
1-
#556
0!
0-
#558
1!
1-
#560
0!
0-
#562
1!
1-
#564
0!
1"
1%
1'
0-
1.
11
13
#566
1!
1-
#568
0!
0-
#570
1!
1-
#572
0!
0-
#574
1!
1-
#576
0!
0"
0%
0-
0.
01
b0000010101010101 7
b1101 8
#578
1!
1-
#580
0!
0-
#582
1!
1-
#584
0!
0-
#586
1!
1-
#588
0!
1"
1%
0'
0-
1.
11
03
#590
1!
1-
#592
0!
0-
#594
1!
1-
#596
0!
0-
#598
1!
1-
#600
0!
0"
0%
0-
0.
01
b0000101010101010 7
b1110 8
#602
1!
1-
#604
0!
0-
#606
1!
1-
#608
0!
0-
#610
1!
1-
#612
0!
1"
1%
0-
1.
11
#614
1!
1-
#616
0!
0-
#618
1!
1-
#620
0!
0-
#622
1!
1-
#624
0!
0"
0%
0-
0.
01
b0001010101010100 7
b1111 8
#626
1!
1-
#628
0!
0-
#630
1!
1-
#632
0!
0-
#634
1!
1-
#636
0!
1"
1%
b0010101010101100 +
0-
1.
11
#638
1!
1-
#640
0!
0-
#642
1!
1-
#644
0!
0-
#646
1!
1-
#648
0!
0"
0%
0-
0.
01
b0010101010101000 7
b0000 8
b010 ?
#650
1!
1-
#652
0!
0-
#654
1!
1-
#656
0!
0-
#658
1!
1-
#660
0!
1"
1%
0-
1.
11
#662
1!
1-
#664
0!
0-
#666
1!
1-
#668
0!
0-
#670
1!
1-
#672
0!
0"
0%
1&
0-
0.
01
12
0;
b000 ?
#674
1!
1-
b10 =
1>
#676
0!
0-
#678
1!
b0000101010101010 (
1-
b0000101010101010 4
b00 =
0>
b0000101010101010 @
0A
#680
0!
0-
#682
1!
1)
1-
15
1A
#684
0!
1"
0-
1.
#686
1!
0)
1-
05
#688
0!
0-
#690
1!
1-
#692
0!
0-
#694
1!
1-
#696
0!
0"
0-
0.
#698
1!
1-
#700
0!
0-
#702
1!
1-
#704
0!
0-
#706
1!
1-
#708
0!
1"
0-
1.
#710
1!
1-
#712
0!
0-
#714
1!
1-
#716
0!
0-
#718
1!
1-
#720
0!
0"
0-
0.
#722
1!
1-
#724
0!
0-
#726
1!
1-
#728
0!
0-
#730
1!
1-
#732
0!
1"
0-
1.
#734
1!
1-
#736
0!
0-
#738
1!
1-
#740
0!
0-
#742
1!
1-
#744
0!
0"
0-
0.
#746
1!
1-
#748
0!
0-
#750
1!
1#
1-
1/
#752
0!
0-
#754
1!
1-
#756
0!
1"
0-
1.
1:
b01 <
#758
1!
1-
#760
0!
0-
#762
1!
1-
#764
0!
0-
#766
1!
1-
#768
0!
0"
0&
0-
0.
02
b0000000000000000 7
1;
b001 ?
#770
1!
1-
b01 =
#772
0!
0-
#774
1!
1-
b11 =
#776
0!
0-
#778
1!
1-
#780
0!
1"
1%
0-
1.
11
0:
b11 <
#782
1!
1-
#784
0!
0-
#786
1!
1-
#788
0!
0-
#790
1!
1-
#792
0!
0"
0%
0-
0.
01
b0001 8
#794
1!
1-
#796
0!
0-
#798
1!
1-
#800
0!
0-
#802
1!
1-
#804
0!
1"
1%
0-
1.
11
#806
1!
1-
#808
0!
0-
#810
1!
1-
#812
0!
0-
#814
1!
1-
#816
0!
0"
0%
0-
0.
01
b0010 8
#818
1!
1-
#820
0!
0-
#822
1!
1-
#824
0!
0-
#826
1!
1-
#828
0!
1"
1%
1'
0-
1.
11
13
#830
1!
1-
#832
0!
0-
#834
1!
1-
#836
0!
0-
#838
1!
1-
#840
0!
0"
0%
0-
0.
01
b0000000000000001 7
b0011 8
#842
1!
1-
#844
0!
0-
#846
1!
1-
#848
0!
0-
#850
1!
1-
#852
0!
1"
1%
0'
0-
1.
11
03
#854
1!
1-
#856
0!
0-
#858
1!
1-
#860
0!
0-
#862
1!
1-
#864
0!
0"
0%
0-
0.
01
b0000000000000010 7
b0100 8
#866
1!
1-
#868
0!
0-
#870
1!
1-
#872
0!
0-
#874
1!
1-
#876
0!
1"
1%
1'
0-
1.
11
13
#878
1!
1-
#880
0!
0-
#882
1!
1-
#884
0!
0-
#886
1!
1-
#888
0!
0"
0%
0-
0.
01
b0000000000000101 7
b0101 8
#890
1!
1-
#892
0!
0-
#894
1!
1-
#896
0!
0-
#898
1!
1-
#900
0!
1"
1%
0'
0-
1.
11
03
#902
1!
1-
#904
0!
0-
#906
1!
1-
#908
0!
0-
#910
1!
1-
#912
0!
0"
0%
0-
0.
01
b0000000000001010 7
b0110 8
#914
1!
1-
#916
0!
0-
#918
1!
1-
#920
0!
0-
#922
1!
1-
#924
0!
1"
1%
1'
0-
1.
11
13
#926
1!
1-
#928
0!
0-
#930
1!
1-
#932
0!
0-
#934
1!
1-
#936
0!
0"
0%
0-
0.
01
b0000000000010101 7
b0111 8
#938
1!
1-
#940
0!
0-
#942
1!
1-
#944
0!
0-
#946
1!
1-
#948
0!
1"
1%
0'
0-
1.
11
03
#950
1!
1-
#952
0!
0-
#954
1!
1-
#956
0!
0-
#958
1!
1-
#960
0!
0"
0%
0-
0.
01
b0000000000101010 7
b1000 8
#962
1!
1-
#964
0!
0-
#966
1!
1-
#968
0!
0-
#970
1!
1-
#972
0!
1"
1%
1'
0-
1.
11
13
#974
1!
1-
#976
0!
0-
#978
1!
1-
#980
0!
0-
#982
1!
1-
#984
0!
0"
0%
0-
0.
01
b0000000001010101 7
b1001 8
#986
1!
1-
#988
0!
0-
#990
1!
1-
#992
0!
0-
#994
1!
1-
#996
0!
1"
1%
0'
0-
1.
11
03
#998
1!
1-
#1000
0!
0#
0-
0/
#1002
1!
1-
#1004
0!
0-
#1006
1!
1-
#1008
0!
0"
0%
0-
0.
01
b0000000010101010 7
b1010 8
#1010
1!
1-
#1012
0!
0-
#1014
1!
1-
#1016
0!
0-
#1018
1!
1-
#1020
0!
1"
1%
1'
0-
1.
11
13
b10 <
#1022
1!
1-
#1024
0!
0-
#1026
1!
1-
#1028
0!
0-
#1030
1!
1-
#1032
0!
0"
0%
0-
0.
01
b0000000101010101 7
b1011 8
#1034
1!
1-
#1036
0!
0-
#1038
1!
1-
#1040
0!
0-
#1042
1!
1-
#1044
0!
1"
1%
0'
0-
1.
11
03
b00 <
#1046
1!
1-
#1048
0!
0-
#1050
1!
1-
#1052
0!
0-
#1054
1!
1-
#1056
0!
0"
0%
0-
0.
01
b0000001010101010 7
b1100 8
#1058
1!
1-
#1060
0!
0-
#1062
1!
1-
#1064
0!
0-
#1066
1!
1-
#1068
0!
1"
1%
1'
0-
1.
11
13
#1070
1!
1-
#1072
0!
0-
#1074
1!
1-
#1076
0!
0-
#1078
1!
1-
#1080
0!
0"
0%
0-
0.
01
b0000010101010101 7
b1101 8
#1082
1!
1-
#1084
0!
0-
#1086
1!
1-
#1088
0!
0-
#1090
1!
1-
#1092
0!
1"
1%
0-
1.
11
#1094
1!
1-
#1096
0!
0-
#1098
1!
1-
#1100
0!
0-
#1102
1!
1-
#1104
0!
0"
0%
0-
0.
01
b0000101010101011 7
b1110 8
#1106
1!
1-
#1108
0!
0-
#1110
1!
1-
#1112
0!
0-
#1114
1!
1-
#1116
0!
1"
1%
0'
0-
1.
11
03
#1118
1!
1-
#1120
0!
0-
#1122
1!
1-
#1124
0!
0-
#1126
1!
1-
#1128
0!
0"
0%
0-
0.
01
b0001010101010110 7
b1111 8
#1130
1!
1-
#1132
0!
0-
#1134
1!
1-
#1136
0!
0-
#1138
1!
1-
#1140
0!
1"
1%
b0010101010110000 +
0-
1.
11
#1142
1!
1-
#1144
0!
0-
#1146
1!
1-
#1148
0!
0-
#1150
1!
1-
#1152
0!
0"
0%
0-
0.
01
b0010101010101100 7
b0000 8
b010 ?
#1154
1!
1-
#1156
0!
0-
#1158
1!
1-
#1160
0!
0-
#1162
1!
1-
#1164
0!
1"
1%
0-
1.
11
#1166
1!
1-
#1168
0!
0-
#1170
1!
1-
#1172
0!
0-
#1174
1!
1-
#1176
0!
0"
0%
1&
0-
0.
01
12
0;
b000 ?
#1178
1!
1-
b10 =
1>
#1180
0!
0-
#1182
1!
b0000101010101011 (
1-
b0000101010101011 4
b00 =
0>
b0000101010101011 @
0A
#1184
0!
0-
#1186
1!
1)
1-
15
1A
#1188
0!
1"
0-
1.
#1190
1!
0)
1-
05
#1192
0!
0-
#1194
1!
1-
#1196
0!
0-
#1198
1!
1-
#1200
0!
0"
0-
0.
#1202
1!
1-
#1204
0!
0-
#1206
1!
1-
#1208
0!
0-
#1210
1!
1-
#1212
0!
1"
0-
1.
#1214
1!
1-
#1216
0!
0-
#1218
1!
1-
#1220
0!
0-
#1222
1!
1-
#1224
0!
0"
0-
0.
#1226
1!
1-
#1228
0!
0-
#1230
1!
1-
#1232
0!
0-
#1234
1!
1-
#1236
0!
1"
0-
1.
#1238
1!
1-
#1240
0!
0-
#1242
1!
1-
#1244
0!
0-
#1246
1!
1-
#1248
0!
0"
0-
0.
#1250
1!
1#
1-
1/
#1252
0!
0-
#1254
1!
1-
#1256
0!
0-
#1258
1!
1-
#1260
0!
1"
0-
1.
1:
b01 <
#1262
1!
1-
#1264
0!
0-
#1266
1!
1-
#1268
0!
0-
#1270
1!
1-
#1272
0!
0"
0&
0-
0.
02
b0000000000000000 7
1;
b001 ?
#1274
1!
1-
b01 =
#1276
0!
0-
#1278
1!
1-
b11 =
#1280
0!
0-
#1282
1!
1-
#1284
0!
1"
1%
0-
1.
11
0:
b11 <
#1286
1!
1-
#1288
0!
0-
#1290
1!
1-
#1292
0!
0-
#1294
1!
1-
#1296
0!
0"
0%
0-
0.
01
b0001 8
#1298
1!
1-
#1300
0!
0-
#1302
1!
1-
#1304
0!
0-
#1306
1!
1-
#1308
0!
1"
1%
0-
1.
11
#1310
1!
1-
#1312
0!
0-
#1314
1!
1-
#1316
0!
0-
#1318
1!
1-
#1320
0!
0"
0%
0-
0.
01
b0010 8
#1322
1!
1-
#1324
0!
0-
#1326
1!
1-
#1328
0!
0-
#1330
1!
1-
#1332
0!
1"
1%
1'
0-
1.
11
13
#1334
1!
1-
#1336
0!
0-
#1338
1!
1-
#1340
0!
0-
#1342
1!
1-
#1344
0!
0"
0%
0-
0.
01
b0000000000000001 7
b0011 8
#1346
1!
1-
#1348
0!
0-
#1350
1!
1-
#1352
0!
0-
#1354
1!
1-
#1356
0!
1"
1%
0'
0-
1.
11
03
#1358
1!
1-
#1360
0!
0-
#1362
1!
1-
#1364
0!
0-
#1366
1!
1-
#1368
0!
0"
0%
0-
0.
01
b0000000000000010 7
b0100 8
#1370
1!
1-
#1372
0!
0-
#1374
1!
1-
#1376
0!
0-
#1378
1!
1-
#1380
0!
1"
1%
1'
0-
1.
11
13
#1382
1!
1-
#1384
0!
0-
#1386
1!
1-
#1388
0!
0-
#1390
1!
1-
#1392
0!
0"
0%
0-
0.
01
b0000000000000101 7
b0101 8
#1394
1!
1-
#1396
0!
0-
#1398
1!
1-
#1400
0!
0-
#1402
1!
1-
#1404
0!
1"
1%
0'
0-
1.
11
03
#1406
1!
1-
#1408
0!
0-
#1410
1!
1-
#1412
0!
0-
#1414
1!
1-
#1416
0!
0"
0%
0-
0.
01
b0000000000001010 7
b0110 8
#1418
1!
1-
#1420
0!
0-
#1422
1!
1-
#1424
0!
0-
#1426
1!
1-
#1428
0!
1"
1%
1'
0-
1.
11
13
#1430
1!
1-
#1432
0!
0-
#1434
1!
1-
#1436
0!
0-
#1438
1!
1-
#1440
0!
0"
0%
0-
0.
01
b0000000000010101 7
b0111 8
#1442
1!
1-
#1444
0!
0-
#1446
1!
1-
#1448
0!
0-
#1450
1!
1-
#1452
0!
1"
1%
0'
0-
1.
11
03
#1454
1!
1-
#1456
0!
0-
#1458
1!
1-
#1460
0!
0-
#1462
1!
1-
#1464
0!
0"
0%
0-
0.
01
b0000000000101010 7
b1000 8
#1466
1!
1-
#1468
0!
0-
#1470
1!
1-
#1472
0!
0-
#1474
1!
1-
#1476
0!
1"
1%
1'
0-
1.
11
13
#1478
1!
1-
#1480
0!
0-
#1482
1!
1-
#1484
0!
0-
#1486
1!
1-
#1488
0!
0"
0%
0-
0.
01
b0000000001010101 7
b1001 8
#1490
1!
1-
#1492
0!
0-
#1494
1!
1-
#1496
0!
0-
#1498
1!
1-
#1500
0!
1"
0#
1%
0'
0-
1.
0/
11
03
b10 <
#1502
1!
1-
#1504
0!
0-
#1506
1!
1-
#1508
0!
0-
#1510
1!
1-
#1512
0!
0"
0%
0-
0.
01
b0000000010101010 7
b1010 8
#1514
1!
1-
#1516
0!
0-
#1518
1!
1-
#1520
0!
0-
#1522
1!
1-
#1524
0!
1"
1%
1'
0-
1.
11
13
b00 <
#1526
1!
1-
#1528
0!
0-
#1530
1!
1-
#1532
0!
0-
#1534
1!
1-
#1536
0!
0"
0%
0-
0.
01
b0000000101010101 7
b1011 8
#1538
1!
1-
#1540
0!
0-
#1542
1!
1-
#1544
0!
0-
#1546
1!
1-
#1548
0!
1"
1%
0-
1.
11
#1550
1!
1-
#1552
0!
0-
#1554
1!
1-
#1556
0!
0-
#1558
1!
1-
#1560
0!
0"
0%
0-
0.
01
b0000001010101011 7
b1100 8
#1562
1!
1-
#1564
0!
0-
#1566
1!
1-
#1568
0!
0-
#1570
1!
1-
#1572
0!
1"
1%
0'
0-
1.
11
03
#1574
1!
1-
#1576
0!
0-
#1578
1!
1-
#1580
0!
0-
#1582
1!
1-
#1584
0!
0"
0%
0-
0.
01
b0000010101010110 7
b1101 8
#1586
1!
1-
#1588
0!
0-
#1590
1!
1-
#1592
0!
0-
#1594
1!
1-
#1596
0!
1"
1%
0-
1.
11
#1598
1!
1-
#1600
0!
0-
#1602
1!
1-
#1604
0!
0-
#1606
1!
1-
#1608
0!
0"
0%
0-
0.
01
b0000101010101100 7
b1110 8
#1610
1!
1-
#1612
0!
0-
#1614
1!
1-
#1616
0!
0-
#1618
1!
1-
#1620
0!
1"
1%
0-
1.
11
#1622
1!
1-
#1624
0!
0-
#1626
1!
1-
#1628
0!
0-
#1630
1!
1-
#1632
0!
0"
0%
0-
0.
01
b0001010101011000 7
b1111 8
#1634
1!
1-
#1636
0!
0-
#1638
1!
1-
#1640
0!
0-
#1642
1!
1-
#1644
0!
1"
1%
b0010101010110100 +
0-
1.
11
#1646
1!
1-
#1648
0!
0-
#1650
1!
1-
#1652
0!
0-
#1654
1!
1-
#1656
0!
0"
0%
0-
0.
01
b0010101010110000 7
b0000 8
b010 ?
#1658
1!
1-
#1660
0!
0-
#1662
1!
1-
#1664
0!
0-
#1666
1!
1-
#1668
0!
1"
1%
0-
1.
11
#1670
1!
1-
#1672
0!
0-
#1674
1!
1-
#1676
0!
0-
#1678
1!
1-
#1680
0!
0"
0%
1&
0-
0.
01
12
0;
b000 ?
#1682
1!
1-
b10 =
1>
#1684
0!
0-
#1686
1!
b0000101010101100 (
1-
b0000101010101100 4
b00 =
0>
b0000101010101100 @
0A
#1688
0!
0-
#1690
1!
1)
1-
15
1A
#1692
0!
1"
0-
1.
#1694
1!
0)
1-
05
#1696
0!
0-
#1698
1!
1-
#1700
0!
0-
#1702
1!
1-
#1704
0!
0"
0-
0.
#1706
1!
1-
#1708
0!
0-
#1710
1!
1-
#1712
0!
0-
#1714
1!
1-
#1716
0!
1"
0-
1.
#1718
1!
1-
#1720
0!
0-
#1722
1!
1-
#1724
0!
0-
#1726
1!
1-
#1728
0!
0"
0-
0.
#1730
1!
1-
#1732
0!
0-
#1734
1!
1-
#1736
0!
0-
#1738
1!
1-
#1740
0!
1"
0-
1.
#1742
1!
1-
#1744
0!
0-
#1746
1!
1-
#1748
0!
0-
#1750
1!
1#
1-
1/
#1752
0!
0"
0-
0.
#1754
1!
1-
#1756
0!
0-
#1758
1!
1-
#1760
0!
0-
#1762
1!
1-
#1764
0!
1"
0-
1.
1:
b01 <
#1766
1!
1-
#1768
0!
0-
#1770
1!
1-
#1772
0!
0-
#1774
1!
1-
#1776
0!
0"
0&
0-
0.
02
b0000000000000000 7
1;
b001 ?
#1778
1!
1-
b01 =
#1780
0!
0-
#1782
1!
1-
b11 =
#1784
0!
0-
#1786
1!
1-
#1788
0!
1"
1%
0-
1.
11
0:
b11 <
#1790
1!
1-
#1792
0!
0-
#1794
1!
1-
#1796
0!
0-
#1798
1!
1-
#1800
0!
0"
0%
0-
0.
01
b0001 8
#1802
1!
1-
#1804
0!
0-
#1806
1!
1-
#1808
0!
0-
#1810
1!
1-
#1812
0!
1"
1%
0-
1.
11
#1814
1!
1-
#1816
0!
0-
#1818
1!
1-
#1820
0!
0-
#1822
1!
1-
#1824
0!
0"
0%
0-
0.
01
b0010 8
#1826
1!
1-
#1828
0!
0-
#1830
1!
1-
#1832
0!
0-
#1834
1!
1-
#1836
0!
1"
1%
1'
0-
1.
11
13
#1838
1!
1-
#1840
0!
0-
#1842
1!
1-
#1844
0!
0-
#1846
1!
1-
#1848
0!
0"
0%
0-
0.
01
b0000000000000001 7
b0011 8
#1850
1!
1-
#1852
0!
0-
#1854
1!
1-
#1856
0!
0-
#1858
1!
1-
#1860
0!
1"
1%
0'
0-
1.
11
03
#1862
1!
1-
#1864
0!
0-
#1866
1!
1-
#1868
0!
0-
#1870
1!
1-
#1872
0!
0"
0%
0-
0.
01
b0000000000000010 7
b0100 8
#1874
1!
1-
#1876
0!
0-
#1878
1!
1-
#1880
0!
0-
#1882
1!
1-
#1884
0!
1"
1%
1'
0-
1.
11
13
#1886
1!
1-
#1888
0!
0-
#1890
1!
1-
#1892
0!
0-
#1894
1!
1-
#1896
0!
0"
0%
0-
0.
01
b0000000000000101 7
b0101 8
#1898
1!
1-
#1900
0!
0-
#1902
1!
1-
#1904
0!
0-
#1906
1!
1-
#1908
0!
1"
1%
0'
0-
1.
11
03
#1910
1!
1-
#1912
0!
0-
#1914
1!
1-
#1916
0!
0-
#1918
1!
1-
#1920
0!
0"
0%
0-
0.
01
b0000000000001010 7
b0110 8
#1922
1!
1-
#1924
0!
0-
#1926
1!
1-
#1928
0!
0-
#1930
1!
1-
#1932
0!
1"
1%
1'
0-
1.
11
13
#1934
1!
1-
#1936
0!
0-
#1938
1!
1-
#1940
0!
0-
#1942
1!
1-
#1944
0!
0"
0%
0-
0.
01
b0000000000010101 7
b0111 8
#1946
1!
1-
#1948
0!
0-
#1950
1!
1-
#1952
0!
0-
#1954
1!
1-
#1956
0!
1"
1%
0'
0-
1.
11
03
#1958
1!
1-
#1960
0!
0-
#1962
1!
1-
#1964
0!
0-
#1966
1!
1-
#1968
0!
0"
0%
0-
0.
01
b0000000000101010 7
b1000 8
#1970
1!
1-
#1972
0!
0-
#1974
1!
1-
#1976
0!
0-
#1978
1!
1-
#1980
0!
1"
1%
1'
0-
1.
11
13
#1982
1!
1-
#1984
0!
0-
#1986
1!
1-
#1988
0!
0-
#1990
1!
1-
#1992
0!
0"
0%
0-
0.
01
b0000000001010101 7
b1001 8
#1994
1!
1-
#1996
0!
0-
#1998
1!
1-
#2000
0!
0#
0-
0/
#2002
1!
1-
#2004
0!
1"
1%
0'
0-
1.
11
03
b10 <
#2006
1!
1-
#2008
0!
0-
#2010
1!
1-
#2012
0!
0-
#2014
1!
1-
#2016
0!
0"
0%
0-
0.
01
b0000000010101010 7
b1010 8
#2018
1!
1-
#2020
0!
0-
#2022
1!
1-
#2024
0!
0-
#2026
1!
1-
#2028
0!
1"
1%
1'
0-
1.
11
13
b00 <
#2030
1!
1-
#2032
0!
0-
#2034
1!
1-
#2036
0!
0-
#2038
1!
1-
#2040
0!
0"
0%
0-
0.
01
b0000000101010101 7
b1011 8
#2042
1!
1-
#2044
0!
0-
#2046
1!
1-
#2048
0!
0-
#2050
1!
1-
#2052
0!
1"
1%
0-
1.
11
#2054
1!
1-
#2056
0!
0-
#2058
1!
1-
#2060
0!
0-
#2062
1!
1-
#2064
0!
0"
0%
0-
0.
01
b0000001010101011 7
b1100 8
#2066
1!
1-
#2068
0!
0-
#2070
1!
1-
#2072
0!
0-
#2074
1!
1-
#2076
0!
1"
1%
0'
0-
1.
11
03
#2078
1!
1-
#2080
0!
0-
#2082
1!
1-
#2084
0!
0-
#2086
1!
1-
#2088
0!
0"
0%
0-
0.
01
b0000010101010110 7
b1101 8
#2090
1!
1-
#2092
0!
0-
#2094
1!
1-
#2096
0!
0-
#2098
1!
1-
#2100
0!
1"
1%
1'
0*
0-
1.
11
13
06
#2102
1!
1-
#2104
0!
0-
#2106
1!
1-
#2108
0!
0-
#2110
1!
1-
#2112
0!
0"
0%
0-
0.
01
b0000101010101101 7
b1110 8
#2114
1!
1-
#2116
0!
0-
#2118
1!
1-
#2120
0!
0-
#2122
1!
1-
#2124
0!
1"
1%
0'
0-
1.
11
03
#2126
1!
1-
#2128
0!
0-
#2130
1!
1-
#2132
0!
0-
#2134
1!
1-
#2136
0!
0"
0%
0-
0.
01
b0001010101011010 7
b1111 8
#2138
1!
1-
#2140
0!
0-
#2142
1!
1-
#2144
0!
0-
#2146
1!
1-
#2148
0!
1"
1%
b0010101010111000 +
0-
1.
11
#2150
1!
1-
#2152
0!
0-
#2154
1!
1-
#2156
0!
0-
#2158
1!
1-
#2160
0!
0"
0%
0-
0.
01
b0010101010110100 7
b0000 8
b010 ?
#2162
1!
1-
#2164
0!
0-
#2166
1!
1-
#2168
0!
0-
#2170
1!
1-
#2172
0!
1"
1%
0-
1.
11
#2174
1!
1-
#2176
0!
0-
#2178
1!
1-
#2180
0!
0-
#2182
1!
1-
#2184
0!
0"
0%
1&
0-
0.
01
12
0;
b000 ?
#2186
1!
1-
b10 =
1>
#2188
0!
0-
#2190
1!
b0000101010101101 (
1-
b0000101010101101 4
b00 =
0>
b0000101010101101 @
0A
#2192
0!
0-
#2194
1!
1-
#2196
0!
1"
0-
1.
#2198
1!
1-
#2200
0!
0-
#2202
1!
1-
#2204
0!
0-
#2206
1!
1-
#2208
0!
0"
0-
0.
#2210
1!
1-
#2212
0!
0-
#2214
1!
1-
#2216
0!
0-
#2218
1!
1-
#2220
0!
1"
0-
1.
#2222
1!
1-
#2224
0!
0-
#2226
1!
1-
#2228
0!
0-
#2230
1!
1-
#2232
0!
0"
0-
0.
#2234
1!
1-
#2236
0!
0-
#2238
1!
1-
#2240
0!
0-
#2242
1!
1-
#2244
0!
1"
0-
1.
#2246
1!
1-
#2248
0!
0-
#2250
1!
1#
1-
1/
#2252
0!
0-
#2254
1!
1-
#2256
0!
0"
0-
0.
#2258
1!
1-
#2260
0!
0-
#2262
1!
1-
#2264
0!
0-
#2266
1!
1-
#2268
0!
1"
0-
1.
1:
b01 <
#2270
1!
1-
#2272
0!
0-
#2274
1!
1-
#2276
0!
0-
#2278
1!
1-
#2280
0!
0"
0&
0-
0.
02
b0000000000000000 7
1;
b001 ?
#2282
1!
1-
b01 =
#2284
0!
0-
#2286
1!
1-
b11 =
#2288
0!
0-
#2290
1!
1-
#2292
0!
1"
1%
0-
1.
11
0:
b11 <
#2294
1!
1-
#2296
0!
0-
#2298
1!
1-
#2300
0!
0-
#2302
1!
1-
#2304
0!
0"
0%
0-
0.
01
b0001 8
#2306
1!
1-
#2308
0!
0-
#2310
1!
1-
#2312
0!
0-
#2314
1!
1-
#2316
0!
1"
1%
0-
1.
11
#2318
1!
1-
#2320
0!
0-
#2322
1!
1-
#2324
0!
0-
#2326
1!
1-
#2328
0!
0"
0%
0-
0.
01
b0010 8
#2330
1!
1-
#2332
0!
0-
#2334
1!
1-
#2336
0!
0-
#2338
1!
1-
#2340
0!
1"
1%
1'
0-
1.
11
13
#2342
1!
1-
#2344
0!
0-
#2346
1!
1-
#2348
0!
0-
#2350
1!
1-
#2352
0!
0"
0%
0-
0.
01
b0000000000000001 7
b0011 8
#2354
1!
1-
#2356
0!
0-
#2358
1!
1-
#2360
0!
0-
#2362
1!
1-
#2364
0!
1"
1%
0'
0-
1.
11
03
#2366
1!
1-
#2368
0!
0-
#2370
1!
1-
#2372
0!
0-
#2374
1!
1-
#2376
0!
0"
0%
0-
0.
01
b0000000000000010 7
b0100 8
#2378
1!
1-
#2380
0!
0-
#2382
1!
1-
#2384
0!
0-
#2386
1!
1-
#2388
0!
1"
1%
1'
0-
1.
11
13
#2390
1!
1-
#2392
0!
0-
#2394
1!
1-
#2396
0!
0-
#2398
1!
1-
#2400
0!
0"
0%
0-
0.
01
b0000000000000101 7
b0101 8
#2402
1!
1-
#2404
0!
0-
#2406
1!
1-
#2408
0!
0-
#2410
1!
1-
#2412
0!
1"
1%
0'
0-
1.
11
03
#2414
1!
1-
#2416
0!
0-
#2418
1!
1-
#2420
0!
0-
#2422
1!
1-
#2424
0!
0"
0%
0-
0.
01
b0000000000001010 7
b0110 8
#2426
1!
1-
#2428
0!
0-
#2430
1!
1-
#2432
0!
0-
#2434
1!
1-
#2436
0!
1"
1%
1'
0-
1.
11
13
#2438
1!
1-
#2440
0!
0-
#2442
1!
1-
#2444
0!
0-
#2446
1!
1-
#2448
0!
0"
0%
0-
0.
01
b0000000000010101 7
b0111 8
#2450
1!
1-
#2452
0!
0-
#2454
1!
1-
#2456
0!
0-
#2458
1!
1-
#2460
0!
1"
1%
0'
0-
1.
11
03
#2462
1!
1-
#2464
0!
0-
#2466
1!
1-
#2468
0!
0-
#2470
1!
1-
#2472
0!
0"
0%
0-
0.
01
b0000000000101010 7
b1000 8
#2474
1!
1-
#2476
0!
0-
#2478
1!
1-
#2480
0!
0-
#2482
1!
1-
#2484
0!
1"
1%
1'
0-
1.
11
13
#2486
1!
1-
#2488
0!
0-
#2490
1!
1-
#2492
0!
0-
#2494
1!
1-
#2496
0!
0"
0%
0-
0.
01
b0000000001010101 7
b1001 8
#2498
1!
1-
#2500
0!
0#
0-
0/
#2502
1!
1-
#2504
0!
0-
#2506
1!
1-
#2508
0!
1"
1%
0'
0-
1.
11
03
b10 <
#2510
1!
1-
#2512
0!
0-
#2514
1!
1-
#2516
0!
0-
#2518
1!
1-
#2520
0!
0"
0%
0-
0.
01
b0000000010101010 7
b1010 8
#2522
1!
1-
#2524
0!
0-
#2526
1!
1-
#2528
0!
0-
#2530
1!
1-
#2532
0!
1"
1%
1'
0-
1.
11
13
b00 <
#2534
1!
1-
#2536
0!
0-
#2538
1!
1-
#2540
0!
0-
#2542
1!
1-
#2544
0!
0"
0%
0-
0.
01
b0000000101010101 7
b1011 8
#2546
1!
1-
#2548
0!
0-
#2550
1!
1-
#2552
0!
0-
#2554
1!
1-
#2556
0!
1"
1%
0-
1.
11
#2558
1!
1-
#2560
0!
0-
#2562
1!
1-
#2564
0!
0-
#2566
1!
1-
#2568
0!
0"
0%
0-
0.
01
b0000001010101011 7
b1100 8
#2570
1!
1-
#2572
0!
0-
#2574
1!
1-
#2576
0!
0-
#2578
1!
1-
#2580
0!
1"
1%
0-
1.
11
#2582
1!
1-
#2584
0!
0-
#2586
1!
1-
#2588
0!
0-
#2590
1!
1-
#2592
0!
0"
0%
0-
0.
01
b0000010101010111 7
b1101 8
#2594
1!
1-
#2596
0!
0-
#2598
1!
1-
#2600
0!
0-
#2602
1!
1-
#2604
0!
1"
1%
0'
0-
1.
11
03
#2606
1!
1-
#2608
0!
0-
#2610
1!
1-
#2612
0!
0-
#2614
1!
1-
#2616
0!
0"
0%
0-
0.
01
b0000101010101110 7
b1110 8
#2618
1!
1-
#2620
0!
0-
#2622
1!
1-
#2624
0!
0-
#2626
1!
1-
#2628
0!
1"
1%
0-
1.
11
#2630
1!
1-
#2632
0!
0-
#2634
1!
1-
#2636
0!
0-
#2638
1!
1-
#2640
0!
0"
0%
0-
0.
01
b0001010101011100 7
b1111 8
#2642
1!
1-
#2644
0!
0-
#2646
1!
1-
#2648
0!
0-
#2650
1!
1-
#2652
0!
1"
1%
b0010101010111100 +
0-
1.
11
#2654
1!
1-
#2656
0!
0-
#2658
1!
1-
#2660
0!
0-
#2662
1!
1-
#2664
0!
0"
0%
0-
0.
01
b0010101010111000 7
b0000 8
b010 ?
#2666
1!
1-
#2668
0!
0-
#2670
1!
1-
#2672
0!
0-
#2674
1!
1-
#2676
0!
1"
1%
0-
1.
11
#2678
1!
1-
#2680
0!
0-
#2682
1!
1-
#2684
0!
0-
#2686
1!
1-
#2688
0!
0"
0%
1&
0-
0.
01
12
0;
b000 ?
#2690
1!
1-
b10 =
1>
#2692
0!
0-
#2694
1!
b0000101010101110 (
1-
b0000101010101110 4
b00 =
0>
b0000101010101110 @
#2696
0!
0-
#2698
1!
1-
#2700
0!
1"
0-
1.
#2702
1!
1-
#2704
0!
0-
#2706
1!
1-
#2708
0!
0-
#2710
1!
1-
#2712
0!
0"
0-
0.
#2714
1!
1-
#2716
0!
0-
#2718
1!
1-
#2720
0!
0-
#2722
1!
1-
#2724
0!
1"
0-
1.
#2726
1!
1-
#2728
0!
0-
#2730
1!
1-
#2732
0!
0-
#2734
1!
1-
#2736
0!
0"
0-
0.
#2738
1!
1-
#2740
0!
0-
#2742
1!
1-
#2744
0!
0-
#2746
1!
1-
#2748
0!
1"
0-
1.
#2750
1!
1#
1-
1/
#2752
0!
0-
#2754
1!
1-
#2756
0!
0-
#2758
1!
1-
#2760
0!
0"
0-
0.
#2762
1!
1-
#2764
0!
0-
#2766
1!
1-
#2768
0!
0-
#2770
1!
1-
#2772
0!
1"
0-
1.
1:
b01 <
#2774
1!
1-
#2776
0!
0-
#2778
1!
1-
#2780
0!
0-
#2782
1!
1-
#2784
0!
0"
0&
0-
0.
02
b0000000000000000 7
1;
b001 ?
#2786
1!
1-
b01 =
#2788
0!
0-
#2790
1!
1-
b11 =
#2792
0!
0-
#2794
1!
1-
#2796
0!
1"
1%
0-
1.
11
0:
b11 <
#2798
1!
1-
#2800
0!
0-
#2802
1!
1-
#2804
0!
0-
#2806
1!
1-
#2808
0!
0"
0%
0-
0.
01
b0001 8
#2810
1!
1-
#2812
0!
0-
#2814
1!
1-
#2816
0!
0-
#2818
1!
1-
#2820
0!
1"
1%
0-
1.
11
#2822
1!
1-
#2824
0!
0-
#2826
1!
1-
#2828
0!
0-
#2830
1!
1-
#2832
0!
0"
0%
0-
0.
01
b0010 8
#2834
1!
1-
#2836
0!
0-
#2838
1!
1-
#2840
0!
0-
#2842
1!
1-
#2844
0!
1"
1%
1'
0-
1.
11
13
#2846
1!
1-
#2848
0!
0-
#2850
1!
1-
#2852
0!
0-
#2854
1!
1-
#2856
0!
0"
0%
0-
0.
01
b0000000000000001 7
b0011 8
#2858
1!
1-
#2860
0!
0-
#2862
1!
1-
#2864
0!
0-
#2866
1!
1-
#2868
0!
1"
1%
0'
0-
1.
11
03
#2870
1!
1-
#2872
0!
0-
#2874
1!
1-
#2876
0!
0-
#2878
1!
1-
#2880
0!
0"
0%
0-
0.
01
b0000000000000010 7
b0100 8
#2882
1!
1-
#2884
0!
0-
#2886
1!
1-
#2888
0!
0-
#2890
1!
1-
#2892
0!
1"
1%
1'
0-
1.
11
13
#2894
1!
1-
#2896
0!
0-
#2898
1!
1-
#2900
0!
0-
#2902
1!
1-
#2904
0!
0"
0%
0-
0.
01
b0000000000000101 7
b0101 8
#2906
1!
1-
#2908
0!
0-
#2910
1!
1-
#2912
0!
0-
#2914
1!
1-
#2916
0!
1"
1%
0'
0-
1.
11
03
#2918
1!
1-
#2920
0!
0-
#2922
1!
1-
#2924
0!
0-
#2926
1!
1-
#2928
0!
0"
0%
0-
0.
01
b0000000000001010 7
b0110 8
#2930
1!
1-
#2932
0!
0-
#2934
1!
1-
#2936
0!
0-
#2938
1!
1-
#2940
0!
1"
1%
1'
0-
1.
11
13
#2942
1!
1-
#2944
0!
0-
#2946
1!
1-
#2948
0!
0-
#2950
1!
1-
#2952
0!
0"
0%
0-
0.
01
b0000000000010101 7
b0111 8
#2954
1!
1-
#2956
0!
0-
#2958
1!
1-
#2960
0!
0-
#2962
1!
1-
#2964
0!
1"
1%
0'
0-
1.
11
03
#2966
1!
1-
#2968
0!
0-
#2970
1!
1-
#2972
0!
0-
#2974
1!
1-
#2976
0!
0"
0%
0-
0.
01
b0000000000101010 7
b1000 8
#2978
1!
1-
#2980
0!
0-
#2982
1!
1-
#2984
0!
0-
#2986
1!
1-
#2988
0!
1"
1%
1'
0-
1.
11
13
#2990
1!
1-
#2992
0!
0-
#2994
1!
1-
#2996
0!
0-
#2998
1!
1-
#3000
0!
0"
0#
0%
0-
0.
0/
01
b0000000001010101 7
b1001 8
#3002
1!
1-
#3004
0!
0-
#3006
1!
1-
#3008
0!
0-
#3010
1!
1-
#3012
0!
1"
1%
0'
0-
1.
11
03
b10 <
#3014
1!
1-
#3016
0!
0-
#3018
1!
1-
#3020
0!
0-
#3022
1!
1-
#3024
0!
0"
0%
0-
0.
01
b0000000010101010 7
b1010 8
#3026
1!
1-
#3028
0!
0-
#3030
1!
1-
#3032
0!
0-
#3034
1!
1-
#3036
0!
1"
1%
1'
0-
1.
11
13
b00 <
#3038
1!
1-
#3040
0!
0-
#3042
1!
1-
#3044
0!
0-
#3046
1!
1-
#3048
0!
0"
0%
0-
0.
01
b0000000101010101 7
b1011 8
#3050
1!
1-
#3052
0!
0-
#3054
1!
1-
#3056
0!
0-
#3058
1!
1-
#3060
0!
1"
1%
0-
1.
11
#3062
1!
1-
#3064
0!
0-
#3066
1!
1-
#3068
0!
0-
#3070
1!
1-
#3072
0!
0"
0%
0-
0.
01
b0000001010101011 7
b1100 8
#3074
1!
1-
#3076
0!
0-
#3078
1!
1-
#3080
0!
0-
#3082
1!
1-
#3084
0!
1"
1%
0-
1.
11
#3086
1!
1-
#3088
0!
0-
#3090
1!
1-
#3092
0!
0-
#3094
1!
1-
#3096
0!
0"
0%
0-
0.
01
b0000010101010111 7
b1101 8
#3098
1!
1-
#3100
0!
1*
0-
16
#3102
1!
1)
1-
15
1A
#3104
0!
0-
#3106
1!
0)
1-
05
#3108
0!
1"
1%
0-
1.
11
#3110
1!
1-
#3112
0!
0-
#3114
1!
1-
#3116
0!
0-
#3118
1!
1-
#3120
0!
0"
0%
0-
0.
01
b0000101010101111 7
b1110 8
#3122
1!
1-
#3124
0!
0-
#3126
1!
1-
#3128
0!
0-
#3130
1!
1-
#3132
0!
1"
1%
0'
0-
1.
11
03
#3134
1!
1-
#3136
0!
0-
#3138
1!
1-
#3140
0!
0-
#3142
1!
1-
#3144
0!
0"
0%
0-
0.
01
b0001010101011110 7
b1111 8
#3146
1!
1-
#3148
0!
0-
#3150
1!
1-
#3152
0!
0-
#3154
1!
1-
#3156
0!
1"
1%
b0010101011000000 +
0-
1.
11
#3158
1!
1-
#3160
0!
0-
#3162
1!
1-
#3164
0!
0-
#3166
1!
1-
#3168
0!
0"
0%
0-
0.
01
b0010101010111100 7
b0000 8
b010 ?
#3170
1!
1-
#3172
0!
0-
#3174
1!
1-
#3176
0!
0-
#3178
1!
1-
#3180
0!
1"
1%
0-
1.
11
#3182
1!
1-
#3184
0!
0-
#3186
1!
1-
#3188
0!
0-
#3190
1!
1-
#3192
0!
0"
0%
1&
0-
0.
01
12
0;
b000 ?
#3194
1!
1-
b10 =
1>
#3196
0!
0-
#3198
1!
b0000101010101111 (
1-
b0000101010101111 4
b00 =
0>
b0000101010101111 @
0A
#3200
0!
0-
#3202
1!
1)
1-
15
1A
#3204
0!
1"
0-
1.
#3206
1!
0)
1-
05
#3208
0!
0-
#3210
1!
1-
#3212
0!
0-
#3214
1!
1-
#3216
0!
0"
0-
0.
#3218
1!
1-
#3220
0!
0-
#3222
1!
1-
#3224
0!
0-
#3226
1!
1-
#3228
0!
1"
0-
1.
#3230
1!
1-
#3232
0!
0-
#3234
1!
1-
#3236
0!
0-
#3238
1!
1-
#3240
0!
0"
0-
0.
#3242
1!
1-
#3244
0!
0-
#3246
1!
1-
#3248
0!
0-
#3250
1!
1#
1-
1/
#3252
0!
1"
0-
1.
1:
b01 <
#3254
1!
1-
#3256
0!
0-
#3258
1!
1-
#3260
0!
0-
#3262
1!
1-
#3264
0!
0"
0&
0-
0.
02
b0000000000000000 7
1;
b001 ?
#3266
1!
1-
b01 =
#3268
0!
0-
#3270
1!
1-
b11 =
#3272
0!
0-
#3274
1!
1-
#3276
0!
1"
1%
0-
1.
11
0:
b11 <
#3278
1!
1-
#3280
0!
0-
#3282
1!
1-
#3284
0!
0-
#3286
1!
1-
#3288
0!
0"
0%
0-
0.
01
b0001 8
#3290
1!
1-
#3292
0!
0-
#3294
1!
1-
#3296
0!
0-
#3298
1!
1-
#3300
0!
1"
1%
0-
1.
11
#3302
1!
1-
#3304
0!
0-
#3306
1!
1-
#3308
0!
0-
#3310
1!
1-
#3312
0!
0"
0%
0-
0.
01
b0010 8
#3314
1!
1-
#3316
0!
0-
#3318
1!
1-
#3320
0!
0-
#3322
1!
1-
#3324
0!
1"
1%
1'
0-
1.
11
13
#3326
1!
1-
#3328
0!
0-
#3330
1!
1-
#3332
0!
0-
#3334
1!
1-
#3336
0!
0"
0%
0-
0.
01
b0000000000000001 7
b0011 8
#3338
1!
1-
#3340
0!
0-
#3342
1!
1-
#3344
0!
0-
#3346
1!
1-
#3348
0!
1"
1%
0'
0-
1.
11
03
#3350
1!
1-
#3352
0!
0-
#3354
1!
1-
#3356
0!
0-
#3358
1!
1-
#3360
0!
0"
0%
0-
0.
01
b0000000000000010 7
b0100 8
#3362
1!
1-
#3364
0!
0-
#3366
1!
1-
#3368
0!
0-
#3370
1!
1-
#3372
0!
1"
1%
1'
0-
1.
11
13
#3374
1!
1-
#3376
0!
0-
#3378
1!
1-
#3380
0!
0-
#3382
1!
1-
#3384
0!
0"
0%
0-
0.
01
b0000000000000101 7
b0101 8
#3386
1!
1-
#3388
0!
0-
#3390
1!
1-
#3392
0!
0-
#3394
1!
1-
#3396
0!
1"
1%
0'
0-
1.
11
03
#3398
1!
1-
#3400
0!
0-
#3402
1!
1-
#3404
0!
0-
#3406
1!
1-
#3408
0!
0"
0%
0-
0.
01
b0000000000001010 7
b0110 8
#3410
1!
1-
#3412
0!
0-
#3414
1!
1-
#3416
0!
0-
#3418
1!
1-
#3420
0!
1"
1%
1'
0-
1.
11
13
#3422
1!
1-
#3424
0!
0-
#3426
1!
1-
#3428
0!
0-
#3430
1!
1-
#3432
0!
0"
0%
0-
0.
01
b0000000000010101 7
b0111 8
#3434
1!
1-
#3436
0!
0-
#3438
1!
1-
#3440
0!
0-
#3442
1!
1-
#3444
0!
1"
1%
0'
0-
1.
11
03
#3446
1!
1-
#3448
0!
0-
#3450
1!
1-
#3452
0!
0-
#3454
1!
1-
#3456
0!
0"
0%
0-
0.
01
b0000000000101010 7
b1000 8
#3458
1!
1-
#3460
0!
0-
#3462
1!
1-
#3464
0!
0-
#3466
1!
1-
#3468
0!
1"
1%
1'
0-
1.
11
13
#3470
1!
1-
#3472
0!
0-
#3474
1!
1-
#3476
0!
0-
#3478
1!
1-
#3480
0!
0"
0%
0-
0.
01
b0000000001010101 7
b1001 8
#3482
1!
1-
#3484
0!
0-
#3486
1!
1-
#3488
0!
0-
#3490
1!
1-
#3492
0!
1"
1%
0-
1.
11
#3494
1!
1-
#3496
0!
0-
#3498
1!
1-
#3500
0!
0#
0-
0/
#3502
1!
1-
#3504
0!
0"
0%
0-
0.
01
b0000000010101011 7
b1010 8
#3506
1!
1-
#3508
0!
0-
#3510
1!
1-
#3512
0!
0-
#3514
1!
1-
#3516
0!
1"
1%
0'
0-
1.
11
03
b10 <
#3518
1!
1-
#3520
0!
0-
#3522
1!
1-
#3524
0!
0-
#3526
1!
1-
#3528
0!
0"
0%
0-
0.
01
b0000000101010110 7
b1011 8
#3530
1!
1-
#3532
0!
0-
#3534
1!
1-
#3536
0!
0-
#3538
1!
1-
#3540
0!
1"
1%
0-
1.
11
b00 <
#3542
1!
1-
#3544
0!
0-
#3546
1!
1-
#3548
0!
0-
#3550
1!
1-
#3552
0!
0"
0%
0-
0.
01
b0000001010101100 7
b1100 8
#3554
1!
1-
#3556
0!
0-
#3558
1!
1-
#3560
0!
0-
#3562
1!
1-
#3564
0!
1"
1%
0-
1.
11
#3566
1!
1-
#3568
0!
0-
#3570
1!
1-
#3572
0!
0-
#3574
1!
1-
#3576
0!
0"
0%
0-
0.
01
b0000010101011000 7
b1101 8
#3578
1!
1-
#3580
0!
0-
#3582
1!
1-
#3584
0!
0-
#3586
1!
1-
#3588
0!
1"
1%
0-
1.
11
#3590
1!
1-
#3592
0!
0-
#3594
1!
1-
#3596
0!
0-
#3598
1!
1-
#3600
0!
0"
0%
0-
0.
01
b0000101010110000 7
b1110 8
#3602
1!
1-
#3604
0!
0-
#3606
1!
1-
#3608
0!
0-
#3610
1!
1-
#3612
0!
1"
1%
0-
1.
11
#3614
1!
1-
#3616
0!
0-
#3618
1!
1-
#3620
0!
0-
#3622
1!
1-
#3624
0!
0"
0%
0-
0.
01
b0001010101100000 7
b1111 8
#3626
1!
1-
#3628
0!
0-
#3630
1!
1-
#3632
0!
0-
#3634
1!
1-
#3636
0!
1"
1%
b0010101011000100 +
0-
1.
11
#3638
1!
1-
#3640
0!
0-
#3642
1!
1-
#3644
0!
0-
#3646
1!
1-
#3648
0!
0"
0%
0-
0.
01
b0010101011000000 7
b0000 8
b010 ?
#3650
1!
1-
#3652
0!
0-
#3654
1!
1-
#3656
0!
0-
#3658
1!
1-
#3660
0!
1"
1%
0-
1.
11
#3662
1!
1-
#3664
0!
0-
#3666
1!
1-
#3668
0!
0-
#3670
1!
1-
#3672
0!
0"
0%
1&
0-
0.
01
12
0;
b000 ?
#3674
1!
1-
b10 =
1>
#3676
0!
0-
#3678
1!
b0000101010110000 (
1-
b0000101010110000 4
b00 =
0>
b0000101010110000 @
0A
#3680
0!
0-
#3682
1!
1)
1-
15
1A
#3684
0!
1"
0-
1.
#3686
1!
0)
1-
05
#3688
0!
0-
#3690
1!
1-
#3692
0!
0-
#3694
1!
1-
#3696
0!
0"
0-
0.
#3698
1!
1-
#3700
0!
0-
#3702
1!
1-
#3704
0!
0-
#3706
1!
1-
#3708
0!
1"
0-
1.
#3710
1!
1-
#3712
0!
0-
#3714
1!
1-
#3716
0!
0-
#3718
1!
1-
#3720
0!
0"
0-
0.
#3722
1!
1-
#3724
0!
0-
#3726
1!
1-
#3728
0!
0-
#3730
1!
1-
#3732
0!
1"
0-
1.
#3734
1!
1-
#3736
0!
0-
#3738
1!
1-
#3740
0!
0-
#3742
1!
1-
#3744
0!
0"
0-
0.
#3746
1!
1-
#3748
0!
0-
#3750
1!
1#
1-
1/
#3752
0!
0-
#3754
1!
1-
#3756
0!
1"
0-
1.
1:
b01 <
#3758
1!
1-
#3760
0!
0-
#3762
1!
1-
#3764
0!
0-
#3766
1!
1-
#3768
0!
0"
0&
0-
0.
02
b0000000000000000 7
1;
b001 ?
#3770
1!
1-
b01 =
#3772
0!
0-
#3774
1!
1-
b11 =
#3776
0!
0-
#3778
1!
1-
#3780
0!
1"
1%
0-
1.
11
0:
b11 <
#3782
1!
1-
#3784
0!
0-
#3786
1!
1-
#3788
0!
0-
#3790
1!
1-
#3792
0!
0"
0%
0-
0.
01
b0001 8
#3794
1!
1-
#3796
0!
0-
#3798
1!
1-
#3800
0!
0-
#3802
1!
1-
#3804
0!
1"
1%
0-
1.
11
#3806
1!
1-
#3808
0!
0-
#3810
1!
1-
#3812
0!
0-
#3814
1!
1-
#3816
0!
0"
0%
0-
0.
01
b0010 8
#3818
1!
1-
#3820
0!
0-
#3822
1!
1-
#3824
0!
0-
#3826
1!
1-
#3828
0!
1"
1%
1'
0-
1.
11
13
#3830
1!
1-
#3832
0!
0-
#3834
1!
1-
#3836
0!
0-
#3838
1!
1-
#3840
0!
0"
0%
0-
0.
01
b0000000000000001 7
b0011 8
#3842
1!
1-
#3844
0!
0-
#3846
1!
1-
#3848
0!
0-
#3850
1!
1-
#3852
0!
1"
1%
0'
0-
1.
11
03
#3854
1!
1-
#3856
0!
0-
#3858
1!
1-
#3860
0!
0-
#3862
1!
1-
#3864
0!
0"
0%
0-
0.
01
b0000000000000010 7
b0100 8
#3866
1!
1-
#3868
0!
0-
#3870
1!
1-
#3872
0!
0-
#3874
1!
1-
#3876
0!
1"
1%
1'
0-
1.
11
13
#3878
1!
1-
#3880
0!
0-
#3882
1!
1-
#3884
0!
0-
#3886
1!
1-
#3888
0!
0"
0%
0-
0.
01
b0000000000000101 7
b0101 8
#3890
1!
1-
#3892
0!
0-
#3894
1!
1-
#3896
0!
0-
#3898
1!
1-
#3900
0!
1"
1%
0'
0-
1.
11
03
#3902
1!
1-
#3904
0!
0-
#3906
1!
1-
#3908
0!
0-
#3910
1!
1-
#3912
0!
0"
0%
0-
0.
01
b0000000000001010 7
b0110 8
#3914
1!
1-
#3916
0!
0-
#3918
1!
1-
#3920
0!
0-
#3922
1!
1-
#3924
0!
1"
1%
1'
0-
1.
11
13
#3926
1!
1-
#3928
0!
0-
#3930
1!
1-
#3932
0!
0-
#3934
1!
1-
#3936
0!
0"
0%
0-
0.
01
b0000000000010101 7
b0111 8
#3938
1!
1-
#3940
0!
0-
#3942
1!
1-
#3944
0!
0-
#3946
1!
1-
#3948
0!
1"
1%
0'
0-
1.
11
03
#3950
1!
1-
#3952
0!
0-
#3954
1!
1-
#3956
0!
0-
#3958
1!
1-
#3960
0!
0"
0%
0-
0.
01
b0000000000101010 7
b1000 8
#3962
1!
1-
#3964
0!
0-
#3966
1!
1-
#3968
0!
0-
#3970
1!
1-
#3972
0!
1"
1%
1'
0-
1.
11
13
#3974
1!
1-
#3976
0!
0-
#3978
1!
1-
#3980
0!
0-
#3982
1!
1-
#3984
0!
0"
0%
0-
0.
01
b0000000001010101 7
b1001 8
#3986
1!
1-
#3988
0!
0-
#3990
1!
1-
#3992
0!
0-
#3994
1!
1-
#3996
0!
1"
1%
0-
1.
11
#3998
1!
1-
#4000
0!
0#
0-
0/
#4002
1!
1-
#4004
0!
0-
#4006
1!
1-
#4008
0!
0"
0%
0-
0.
01
b0000000010101011 7
b1010 8
#4010
1!
1-
#4012
0!
0-
#4014
1!
1-
#4016
0!
0-
#4018
1!
1-
#4020
0!
1"
1%
0'
0-
1.
11
03
b10 <
#4022
1!
1-
#4024
0!
0-
#4026
1!
1-
#4028
0!
0-
#4030
1!
1-
#4032
0!
0"
0%
0-
0.
01
b0000000101010110 7
b1011 8
#4034
1!
1-
#4036
0!
0-
#4038
1!
1-
#4040
0!
0-
#4042
1!
1-
#4044
0!
1"
1%
0-
1.
11
b00 <
#4046
1!
1-
#4048
0!
0-
#4050
1!
1-
#4052
0!
0-
#4054
1!
1-
#4056
0!
0"
0%
0-
0.
01
b0000001010101100 7
b1100 8
#4058
1!
1-
#4060
0!
0-
#4062
1!
1-
#4064
0!
0-
#4066
1!
1-
#4068
0!
1"
1%
0-
1.
11
#4070
1!
1-
#4072
0!
0-
#4074
1!
1-
#4076
0!
0-
#4078
1!
1-
#4080
0!
0"
0%
0-
0.
01
b0000010101011000 7
b1101 8
#4082
1!
1-
#4084
0!
0-
#4086
1!
1-
#4088
0!
0-
#4090
1!
1-
#4092
0!
1"
1%
1'
0-
1.
11
13
#4094
1!
1-
#4096
0!
0-
#4098
1!
1-
#4100
0!
0-
#4102
1!
1-
#4104
0!
0"
0%
0-
0.
01
b0000101010110001 7
b1110 8
#4106
1!
1-
#4108
0!
0-
#4110
1!
1-
#4112
0!
0-
#4114
1!
1-
#4116
0!
1"
1%
0'
0-
1.
11
03
#4118
1!
1-
#4120
0!
0-
#4122
1!
1-
#4124
0!
0-
#4126
1!
1-
#4128
0!
0"
0%
0-
0.
01
b0001010101100010 7
b1111 8
#4130
1!
1-
#4132
0!
0-
#4134
1!
1-
#4136
0!
0-
#4138
1!
1-
#4140
0!
1"
1%
b0010101011001000 +
0-
1.
11
#4142
1!
1-
#4144
0!
0-
#4146
1!
1-
#4148
0!
0-
#4150
1!
1-
#4152
0!
0"
0%
0-
0.
01
b0010101011000100 7
b0000 8
b010 ?
#4154
1!
1-
#4156
0!
0-
#4158
1!
1-
#4160
0!
0-
#4162
1!
1-
#4164
0!
1"
1%
0-
1.
11
#4166
1!
1-
#4168
0!
0-
#4170
1!
1-
#4172
0!
0-
#4174
1!
1-
#4176
0!
0"
0%
1&
0-
0.
01
12
0;
b000 ?
#4178
1!
1-
b10 =
1>
#4180
0!
0-
#4182
1!
b0000101010110001 (
1-
b0000101010110001 4
b00 =
0>
b0000101010110001 @
0A
#4184
0!
0-
#4186
1!
1)
1-
15
1A
#4188
0!
1"
0-
1.
#4190
1!
0)
1-
05
#4192
0!
0-
#4194
1!
1-
#4196
0!
0-
#4198
1!
1-
#4200
0!
0"
0-
0.
#4202
1!
1-
#4204
0!
0-
#4206
1!
1-
#4208
0!
0-
#4210
1!
1-
#4212
0!
1"
0-
1.
#4214
1!
1-
#4216
0!
0-
#4218
1!
1-
#4220
0!
0-
#4222
1!
1-
#4224
0!
0"
0-
0.
#4226
1!
1-
#4228
0!
0-
#4230
1!
1-
#4232
0!
0-
#4234
1!
1-
#4236
0!
1"
0-
1.
#4238
1!
1-
#4240
0!
0-
#4242
1!
1-
#4244
0!
0-
#4246
1!
1-
#4248
0!
0"
0-
0.
#4250
1!
1#
1-
1/
#4252
0!
0-
#4254
1!
1-
#4256
0!
0-
#4258
1!
1-
#4260
0!
1"
0-
1.
1:
b01 <
#4262
1!
1-
#4264
0!
0-
#4266
1!
1-
#4268
0!
0-
#4270
1!
1-
#4272
0!
0"
0&
0-
0.
02
b0000000000000000 7
1;
b001 ?
#4274
1!
1-
b01 =
#4276
0!
0-
#4278
1!
1-
b11 =
#4280
0!
0-
#4282
1!
1-
#4284
0!
1"
1%
0-
1.
11
0:
b11 <
#4286
1!
1-
#4288
0!
0-
#4290
1!
1-
#4292
0!
0-
#4294
1!
1-
#4296
0!
0"
0%
0-
0.
01
b0001 8
#4298
1!
1-
#4300
0!
0-
#4302
1!
1-
#4304
0!
0-
#4306
1!
1-
#4308
0!
1"
1%
0-
1.
11
#4310
1!
1-
#4312
0!
0-
#4314
1!
1-
#4316
0!
0-
#4318
1!
1-
#4320
0!
0"
0%
0-
0.
01
b0010 8
#4322
1!
1-
#4324
0!
0-
#4326
1!
1-
#4328
0!
0-
#4330
1!
1-
#4332
0!
1"
1%
1'
0-
1.
11
13
#4334
1!
1-
#4336
0!
0-
#4338
1!
1-
#4340
0!
0-
#4342
1!
1-
#4344
0!
0"
0%
0-
0.
01
b0000000000000001 7
b0011 8
#4346
1!
1-
#4348
0!
0-
#4350
1!
1-
#4352
0!
0-
#4354
1!
1-
#4356
0!
1"
1%
0'
0-
1.
11
03
#4358
1!
1-
#4360
0!
0-
#4362
1!
1-
#4364
0!
0-
#4366
1!
1-
#4368
0!
0"
0%
0-
0.
01
b0000000000000010 7
b0100 8
#4370
1!
1-
#4372
0!
0-
#4374
1!
1-
#4376
0!
0-
#4378
1!
1-
#4380
0!
1"
1%
1'
0-
1.
11
13
#4382
1!
1-
#4384
0!
0-
#4386
1!
1-
#4388
0!
0-
#4390
1!
1-
#4392
0!
0"
0%
0-
0.
01
b0000000000000101 7
b0101 8
#4394
1!
1-
#4396
0!
0-
#4398
1!
1-
#4400
0!
0-
#4402
1!
1-
#4404
0!
1"
1%
0'
0-
1.
11
03
#4406
1!
1-
#4408
0!
0-
#4410
1!
1-
#4412
0!
0-
#4414
1!
1-
#4416
0!
0"
0%
0-
0.
01
b0000000000001010 7
b0110 8
#4418
1!
1-
#4420
0!
0-
#4422
1!
1-
#4424
0!
0-
#4426
1!
1-
#4428
0!
1"
1%
1'
0-
1.
11
13
#4430
1!
1-
#4432
0!
0-
#4434
1!
1-
#4436
0!
0-
#4438
1!
1-
#4440
0!
0"
0%
0-
0.
01
b0000000000010101 7
b0111 8
#4442
1!
1-
#4444
0!
0-
#4446
1!
1-
#4448
0!
0-
#4450
1!
1-
#4452
0!
1"
1%
0'
0-
1.
11
03
#4454
1!
1-
#4456
0!
0-
#4458
1!
1-
#4460
0!
0-
#4462
1!
1-
#4464
0!
0"
0%
0-
0.
01
b0000000000101010 7
b1000 8
#4466
1!
1-
#4468
0!
0-
#4470
1!
1-
#4472
0!
0-
#4474
1!
1-
#4476
0!
1"
1%
1'
0-
1.
11
13
#4478
1!
1-
#4480
0!
0-
#4482
1!
1-
#4484
0!
0-
#4486
1!
1-
#4488
0!
0"
0%
0-
0.
01
b0000000001010101 7
b1001 8
#4490
1!
1-
#4492
0!
0-
#4494
1!
1-
#4496
0!
0-
#4498
1!
1-
#4500
0!
1"
0#
1%
0-
1.
0/
11
b10 <
#4502
1!
1-
#4504
0!
0-
#4506
1!
1-
#4508
0!
0-
#4510
1!
1-
#4512
0!
0"
0%
0-
0.
01
b0000000010101011 7
b1010 8
#4514
1!
1-
#4516
0!
0-
#4518
1!
1-
#4520
0!
0-
#4522
1!
1-
#4524
0!
1"
1%
0'
0-
1.
11
03
b00 <
#4526
1!
1-
#4528
0!
0-
#4530
1!
1-
#4532
0!
0-
#4534
1!
1-
#4536
0!
0"
0%
0-
0.
01
b0000000101010110 7
b1011 8
#4538
1!
1-
#4540
0!
0-
#4542
1!
1-
#4544
0!
0-
#4546
1!
1-
#4548
0!
1"
1%
0-
1.
11
#4550
1!
1-
#4552
0!
0-
#4554
1!
1-
#4556
0!
0-
#4558
1!
1-
#4560
0!
0"
0%
0-
0.
01
b0000001010101100 7
b1100 8
#4562
1!
1-
#4564
0!
0-
#4566
1!
1-
#4568
0!
0-
#4570
1!
1-
#4572
0!
1"
1%
1'
0-
1.
11
13
#4574
1!
1-
#4576
0!
0-
#4578
1!
1-
#4580
0!
0-
#4582
1!
1-
#4584
0!
0"
0%
0-
0.
01
b0000010101011001 7
b1101 8
#4586
1!
1-
#4588
0!
0-
#4590
1!
1-
#4592
0!
0-
#4594
1!
1-
#4596
0!
1"
1%
0'
0-
1.
11
03
#4598
1!
1-
#4600
0!
0-
#4602
1!
1-
#4604
0!
0-
#4606
1!
1-
#4608
0!
0"
0%
0-
0.
01
b0000101010110010 7
b1110 8
#4610
1!
1-
#4612
0!
0-
#4614
1!
1-
#4616
0!
0-
#4618
1!
1-
#4620
0!
1"
1%
0-
1.
11
#4622
1!
1-
#4624
0!
0-
#4626
1!
1-
#4628
0!
0-
#4630
1!
1-
#4632
0!
0"
0%
0-
0.
01
b0001010101100100 7
b1111 8
#4634
1!
1-
#4636
0!
0-
#4638
1!
1-
#4640
0!
0-
#4642
1!
1-
#4644
0!
1"
1%
b0010101011001100 +
0-
1.
11
#4646
1!
1-
#4648
0!
0-
#4650
1!
1-
#4652
0!
0-
#4654
1!
1-
#4656
0!
0"
0%
0-
0.
01
b0010101011001000 7
b0000 8
b010 ?
#4658
1!
1-
#4660
0!
0-
#4662
1!
1-
#4664
0!
0-
#4666
1!
1-
#4668
0!
1"
1%
0-
1.
11
#4670
1!
1-
#4672
0!
0-
#4674
1!
1-
#4676
0!
0-
#4678
1!
1-
#4680
0!
0"
0%
1&
0-
0.
01
12
0;
b000 ?
#4682
1!
1-
b10 =
1>
#4684
0!
0-
#4686
1!
b0000101010110010 (
1-
b0000101010110010 4
b00 =
0>
b0000101010110010 @
0A
#4688
0!
0-
#4690
1!
1)
1-
15
1A
#4692
0!
1"
0-
1.
#4694
1!
0)
1-
05
#4696
0!
0-
#4698
1!
1-
#4700
0!
0-
#4702
1!
1-
#4704
0!
0"
0-
0.
#4706
1!
1-
#4708
0!
0-
#4710
1!
1-
#4712
0!
0-
#4714
1!
1-
#4716
0!
1"
0-
1.
#4718
1!
1-
#4720
0!
0-
#4722
1!
1-
#4724
0!
0-
#4726
1!
1-
#4728
0!
0"
0-
0.
#4730
1!
1-
#4732
0!
0-
#4734
1!
1-
#4736
0!
0-
#4738
1!
1-
#4740
0!
1"
0-
1.
#4742
1!
1-
#4744
0!
0-
#4746
1!
1-
#4748
0!
0-
#4750
1!
1#
1-
1/
#4752
0!
0"
0-
0.
#4754
1!
1-
#4756
0!
0-
#4758
1!
1-
#4760
0!
0-
#4762
1!
1-
#4764
0!
1"
0-
1.
1:
b01 <
#4766
1!
1-
#4768
0!
0-
#4770
1!
1-
#4772
0!
0-
#4774
1!
1-
#4776
0!
0"
0&
0-
0.
02
b0000000000000000 7
1;
b001 ?
#4778
1!
1-
b01 =
#4780
0!
0-
#4782
1!
1-
b11 =
#4784
0!
0-
#4786
1!
1-
#4788
0!
1"
1%
0-
1.
11
0:
b11 <
#4790
1!
1-
#4792
0!
0-
#4794
1!
1-
#4796
0!
0-
#4798
1!
1-
#4800
0!
0"
0%
0-
0.
01
b0001 8
#4802
1!
1-
#4804
0!
0-
#4806
1!
1-
#4808
0!
0-
#4810
1!
1-
#4812
0!
1"
1%
0-
1.
11
#4814
1!
1-
#4816
0!
0-
#4818
1!
1-
#4820
0!
0-
#4822
1!
1-
#4824
0!
0"
0%
0-
0.
01
b0010 8
#4826
1!
1-
#4828
0!
0-
#4830
1!
1-
#4832
0!
0-
#4834
1!
1-
#4836
0!
1"
1%
1'
0-
1.
11
13
#4838
1!
1-
#4840
0!
0-
#4842
1!
1-
#4844
0!
0-
#4846
1!
1-
#4848
0!
0"
0%
0-
0.
01
b0000000000000001 7
b0011 8
#4850
1!
1-
#4852
0!
0-
#4854
1!
1-
#4856
0!
0-
#4858
1!
1-
#4860
0!
1"
1%
0'
0-
1.
11
03
#4862
1!
1-
#4864
0!
0-
#4866
1!
1-
#4868
0!
0-
#4870
1!
1-
#4872
0!
0"
0%
0-
0.
01
b0000000000000010 7
b0100 8
#4874
1!
1-
#4876
0!
0-
#4878
1!
1-
#4880
0!
0-
#4882
1!
1-
#4884
0!
1"
1%
1'
0-
1.
11
13
#4886
1!
1-
#4888
0!
0-
#4890
1!
1-
#4892
0!
0-
#4894
1!
1-
#4896
0!
0"
0%
0-
0.
01
b0000000000000101 7
b0101 8
#4898
1!
1-
#4900
0!
0-
#4902
1!
1-
#4904
0!
0-
#4906
1!
1-
#4908
0!
1"
1%
0'
0-
1.
11
03
#4910
1!
1-
#4912
0!
0-
#4914
1!
1-
#4916
0!
0-
#4918
1!
1-
#4920
0!
0"
0%
0-
0.
01
b0000000000001010 7
b0110 8
#4922
1!
1-
#4924
0!
0-
#4926
1!
1-
#4928
0!
0-
#4930
1!
1-
#4932
0!
1"
1%
1'
0-
1.
11
13
#4934
1!
1-
#4936
0!
0-
#4938
1!
1-
#4940
0!
0-
#4942
1!
1-
#4944
0!
0"
0%
0-
0.
01
b0000000000010101 7
b0111 8
#4946
1!
1-
#4948
0!
0-
#4950
1!
1-
#4952
0!
0-
#4954
1!
1-
#4956
0!
1"
1%
0'
0-
1.
11
03
#4958
1!
1-
#4960
0!
0-
#4962
1!
1-
#4964
0!
0-
#4966
1!
1-
#4968
0!
0"
0%
0-
0.
01
b0000000000101010 7
b1000 8
#4970
1!
1-
#4972
0!
0-
#4974
1!
1-
#4976
0!
0-
#4978
1!
1-
#4980
0!
1"
1%
1'
0-
1.
11
13
#4982
1!
1-
#4984
0!
0-
#4986
1!
1-
#4988
0!
0-
#4990
1!
1-
#4992
0!
0"
0%
0-
0.
01
b0000000001010101 7
b1001 8
#4994
1!
1-
#4996
0!
0-
#4998
1!
1-
#5000
0!
0#
0-
0/
#5002
1!
1-
#5004
0!
1"
1%
0-
1.
11
b10 <
#5006
1!
1-
#5008
0!
0-
#5010
1!
1-
#5012
0!
0-
#5014
1!
1-
#5016
0!
0"
0%
0-
0.
01
b0000000010101011 7
b1010 8
#5018
1!
1-
#5020
0!
0-
#5022
1!
1-
#5024
0!
0-
#5026
1!
1-
#5028
0!
1"
1%
0'
0-
1.
11
03
b00 <
#5030
1!
1-
#5032
0!
0-
#5034
1!
1-
#5036
0!
0-
#5038
1!
1-
#5040
0!
0"
0%
0-
0.
01
b0000000101010110 7
b1011 8
#5042
1!
1-
#5044
0!
0-
#5046
1!
1-
#5048
0!
0-
#5050
1!
1-
#5052
0!
1"
1%
0-
1.
11
#5054
1!
1-
#5056
0!
0-
#5058
1!
1-
#5060
0!
0-
#5062
1!
1-
#5064
0!
0"
0%
0-
0.
01
b0000001010101100 7
b1100 8
#5066
1!
1-
#5068
0!
0-
#5070
1!
1-
#5072
0!
0-
#5074
1!
1-
#5076
0!
1"
1%
1'
0-
1.
11
13
#5078
1!
1-
#5080
0!
0-
#5082
1!
1-
#5084
0!
0-
#5086
1!
1-
#5088
0!
0"
0%
0-
0.
01
b0000010101011001 7
b1101 8
#5090
1!
1-
#5092
0!
0-
#5094
1!
1-
#5096
0!
0-
#5098
1!
1-
#5100
0!
1"
1%
0-
1.
11
#5102
1!
1-
#5104
0!
0-
#5106
1!
1-
#5108
0!
0-
#5110
1!
1-
#5112
0!
0"
0%
0-
0.
01
b0000101010110011 7
b1110 8
#5114
1!
1-
#5116
0!
0-
#5118
1!
1-
#5120
0!
0-
#5122
1!
1-
#5124
0!
1"
1%
0'
0-
1.
11
03
#5126
1!
1-
#5128
0!
0-
#5130
1!
1-
#5132
0!
0-
#5134
1!
1-
#5136
0!
0"
0%
0-
0.
01
b0001010101100110 7
b1111 8
#5138
1!
1-
#5140
0!
0-
#5142
1!
1-
#5144
0!
0-
#5146
1!
1-
#5148
0!
1"
1%
b0010101011010000 +
0-
1.
11
#5150
1!
1-
#5152
0!
0-
#5154
1!
1-
#5156
0!
0-
#5158
1!
1-
#5160
0!
0"
0%
0-
0.
01
b0010101011001100 7
b0000 8
b010 ?
#5162
1!
1-
#5164
0!
0-
#5166
1!
1-
#5168
0!
0-
#5170
1!
1-
#5172
0!
1"
1%
0-
1.
11
#5174
1!
1-
#5176
0!
0-
#5178
1!
1-
#5180
0!
0-
#5182
1!
1-
#5184
0!
0"
0%
1&
0-
0.
01
12
0;
b000 ?
#5186
1!
1-
b10 =
1>
#5188
0!
0-
#5190
1!
b0000101010110011 (
1-
b0000101010110011 4
b00 =
0>
b0000101010110011 @
0A
#5192
0!
0-
#5194
1!
1)
1-
15
1A
#5196
0!
1"
0-
1.
#5198
1!
0)
1-
05
#5200
0!
0-
#5202
1!
1-
#5204
0!
0-
#5206
1!
1-
#5208
0!
0"
0-
0.
#5210
1!
1-
#5212
0!
0-
#5214
1!
1-
#5216
0!
0-
#5218
1!
1-
#5220
0!
1"
0-
1.
#5222
1!
1-
#5224
0!
0-
#5226
1!
1-
#5228
0!
0-
#5230
1!
1-
#5232
0!
0"
0-
0.
#5234
1!
1-
#5236
0!
0-
#5238
1!
1-
#5240
0!
0-
#5242
1!
1-
#5244
0!
1"
0-
1.
#5246
1!
1-
#5248
0!
0-
#5250
1!
1#
1-
1/
#5252
0!
0-
#5254
1!
1-
#5256
0!
0"
0-
0.
#5258
1!
1-
#5260
0!
0-
#5262
1!
1-
#5264
0!
0-
#5266
1!
1-
#5268
0!
1"
0-
1.
1:
b01 <
#5270
1!
1-
#5272
0!
0-
#5274
1!
1-
#5276
0!
0-
#5278
1!
1-
#5280
0!
0"
0&
0-
0.
02
b0000000000000000 7
1;
b001 ?
#5282
1!
1-
b01 =
#5284
0!
0-
#5286
1!
1-
b11 =
#5288
0!
0-
#5290
1!
1-
#5292
0!
1"
1%
0-
1.
11
0:
b11 <
#5294
1!
1-
#5296
0!
0-
#5298
1!
1-
#5300
0!
0-
#5302
1!
1-
#5304
0!
0"
0%
0-
0.
01
b0001 8
#5306
1!
1-
#5308
0!
0-
#5310
1!
1-
#5312
0!
0-
#5314
1!
1-
#5316
0!
1"
1%
0-
1.
11
#5318
1!
1-
#5320
0!
0-
#5322
1!
1-
#5324
0!
0-
#5326
1!
1-
#5328
0!
0"
0%
0-
0.
01
b0010 8
#5330
1!
1-
#5332
0!
0-
#5334
1!
1-
#5336
0!
0-
#5338
1!
1-
#5340
0!
1"
1%
1'
0-
1.
11
13
#5342
1!
1-
#5344
0!
0-
#5346
1!
1-
#5348
0!
0-
#5350
1!
1-
#5352
0!
0"
0%
0-
0.
01
b0000000000000001 7
b0011 8
#5354
1!
1-
#5356
0!
0-
#5358
1!
1-
#5360
0!
0-
#5362
1!
1-
#5364
0!
1"
1%
0'
0-
1.
11
03
#5366
1!
1-
#5368
0!
0-
#5370
1!
1-
#5372
0!
0-
#5374
1!
1-
#5376
0!
0"
0%
0-
0.
01
b0000000000000010 7
b0100 8
#5378
1!
1-
#5380
0!
0-
#5382
1!
1-
#5384
0!
0-
#5386
1!
1-
#5388
0!
1"
1%
1'
0-
1.
11
13
#5390
1!
1-
#5392
0!
0-
#5394
1!
1-
#5396
0!
0-
#5398
1!
1-
#5400
0!
0"
0%
0-
0.
01
b0000000000000101 7
b0101 8
#5402
1!
1-
#5404
0!
0-
#5406
1!
1-
#5408
0!
0-
#5410
1!
1-
#5412
0!
1"
1%
0'
0-
1.
11
03
#5414
1!
1-
#5416
0!
0-
#5418
1!
1-
#5420
0!
0-
#5422
1!
1-
#5424
0!
0"
0%
0-
0.
01
b0000000000001010 7
b0110 8
#5426
1!
1-
#5428
0!
0-
#5430
1!
1-
#5432
0!
0-
#5434
1!
1-
#5436
0!
1"
1%
1'
0-
1.
11
13
#5438
1!
1-
#5440
0!
0-
#5442
1!
1-
#5444
0!
0-
#5446
1!
1-
#5448
0!
0"
0%
0-
0.
01
b0000000000010101 7
b0111 8
#5450
1!
1-
#5452
0!
0-
#5454
1!
1-
#5456
0!
0-
#5458
1!
1-
#5460
0!
1"
1%
0'
0-
1.
11
03
#5462
1!
1-
#5464
0!
0-
#5466
1!
1-
#5468
0!
0-
#5470
1!
1-
#5472
0!
0"
0%
0-
0.
01
b0000000000101010 7
b1000 8
#5474
1!
1-
#5476
0!
0-
#5478
1!
1-
#5480
0!
0-
#5482
1!
1-
#5484
0!
1"
1%
1'
0-
1.
11
13
#5486
1!
1-
#5488
0!
0-
#5490
1!
1-
#5492
0!
0-
#5494
1!
1-
#5496
0!
0"
0%
0-
0.
01
b0000000001010101 7
b1001 8
#5498
1!
1-
#5500
0!
0#
0-
0/
#5502
1!
1-
#5504
0!
0-
#5506
1!
1-
#5508
0!
1"
1%
0-
1.
11
b10 <
#5510
1!
1-
#5512
0!
0-
#5514
1!
1-
#5516
0!
0-
#5518
1!
1-
#5520
0!
0"
0%
0-
0.
01
b0000000010101011 7
b1010 8
#5522
1!
1-
#5524
0!
0-
#5526
1!
1-
#5528
0!
0-
#5530
1!
1-
#5532
0!
1"
1%
0'
0-
1.
11
03
b00 <
#5534
1!
1-
#5536
0!
0-
#5538
1!
1-
#5540
0!
0-
#5542
1!
1-
#5544
0!
0"
0%
0-
0.
01
b0000000101010110 7
b1011 8
#5546
1!
1-
#5548
0!
0-
#5550
1!
1-
#5552
0!
0-
#5554
1!
1-
#5556
0!
1"
1%
1'
0-
1.
11
13
#5558
1!
1-
#5560
0!
0-
#5562
1!
1-
#5564
0!
0-
#5566
1!
1-
#5568
0!
0"
0%
0-
0.
01
b0000001010101101 7
b1100 8
#5570
1!
1-
#5572
0!
0-
#5574
1!
1-
#5576
0!
0-
#5578
1!
1-
#5580
0!
1"
1%
0'
0-
1.
11
03
#5582
1!
1-
#5584
0!
0-
#5586
1!
1-
#5588
0!
0-
#5590
1!
1-
#5592
0!
0"
0%
0-
0.
01
b0000010101011010 7
b1101 8
#5594
1!
1-
#5596
0!
0-
#5598
1!
1-
#5600
0!
0-
#5602
1!
1-
#5604
0!
1"
1%
0-
1.
11
#5606
1!
1-
#5608
0!
0-
#5610
1!
1-
#5612
0!
0-
#5614
1!
1-
#5616
0!
0"
0%
0-
0.
01
b0000101010110100 7
b1110 8
#5618
1!
1-
#5620
0!
0-
#5622
1!
1-
#5624
0!
0-
#5626
1!
1-
#5628
0!
1"
1%
0-
1.
11
#5630
1!
1-
#5632
0!
0-
#5634
1!
1-
#5636
0!
0-
#5638
1!
1-
#5640
0!
0"
0%
0-
0.
01
b0001010101101000 7
b1111 8
#5642
1!
1-
#5644
0!
0-
#5646
1!
1-
#5648
0!
0-
#5650
1!
1-
#5652
0!
1"
1%
b0010101011010100 +
0-
1.
11
#5654
1!
1-
#5656
0!
0-
#5658
1!
1-
#5660
0!
0-
#5662
1!
1-
#5664
0!
0"
0%
0-
0.
01
b0010101011010000 7
b0000 8
b010 ?
#5666
1!
1-
#5668
0!
0-
#5670
1!
1-
#5672
0!
0-
#5674
1!
1-
#5676
0!
1"
1%
0-
1.
11
#5678
1!
1-
#5680
0!
0-
#5682
1!
1-
#5684
0!
0-
#5686
1!
1-
#5688
0!
0"
0%
1&
0-
0.
01
12
0;
b000 ?
#5690
1!
1-
b10 =
1>
#5692
0!
0-
#5694
1!
b0000101010110100 (
1-
b0000101010110100 4
b00 =
0>
b0000101010110100 @
0A
#5696
0!
0-
#5698
1!
1)
1-
15
1A
#5700
0!
1"
0-
1.
#5702
1!
0)
1-
05
#5704
0!
0-
#5706
1!
1-
#5708
0!
0-
#5710
1!
1-
#5712
0!
0"
0-
0.
#5714
1!
1-
#5716
0!
0-
#5718
1!
1-
#5720
0!
0-
#5722
1!
1-
#5724
0!
1"
0-
1.
#5726
1!
1-
#5728
0!
0-
#5730
1!
1-
#5732
0!
0-
#5734
1!
1-
#5736
0!
0"
0-
0.
#5738
1!
1-
#5740
0!
0-
#5742
1!
1-
#5744
0!
0-
#5746
1!
1-
#5748
0!
1"
0-
1.
#5750
1!
1#
1-
1/
#5752
0!
0-
#5754
1!
1-
#5756
0!
0-
#5758
1!
1-
#5760
0!
0"
0-
0.
#5762
1!
1-
#5764
0!
0-
#5766
1!
1-
#5768
0!
0-
#5770
1!
1-
#5772
0!
1"
0-
1.
1:
b01 <
#5774
1!
1-
#5776
0!
0-
#5778
1!
1-
#5780
0!
0-
#5782
1!
1-
#5784
0!
0"
0&
0-
0.
02
b0000000000000000 7
1;
b001 ?
#5786
1!
1-
b01 =
#5788
0!
0-
#5790
1!
1-
b11 =
#5792
0!
0-
#5794
1!
1-
#5796
0!
1"
1%
0-
1.
11
0:
b11 <
#5798
1!
1-
#5800
0!
0-
#5802
1!
1-
#5804
0!
0-
#5806
1!
1-
#5808
0!
0"
0%
0-
0.
01
b0001 8
#5810
1!
1-
#5812
0!
0-
#5814
1!
1-
#5816
0!
0-
#5818
1!
1-
#5820
0!
1"
1%
0-
1.
11
#5822
1!
1-
#5824
0!
0-
#5826
1!
1-
#5828
0!
0-
#5830
1!
1-
#5832
0!
0"
0%
0-
0.
01
b0010 8
#5834
1!
1-
#5836
0!
0-
#5838
1!
1-
#5840
0!
0-
#5842
1!
1-
#5844
0!
1"
1%
1'
0-
1.
11
13
#5846
1!
1-
#5848
0!
0-
#5850
1!
1-
#5852
0!
0-
#5854
1!
1-
#5856
0!
0"
0%
0-
0.
01
b0000000000000001 7
b0011 8
#5858
1!
1-
#5860
0!
0-
#5862
1!
1-
#5864
0!
0-
#5866
1!
1-
#5868
0!
1"
1%
0'
0-
1.
11
03
#5870
1!
1-
#5872
0!
0-
#5874
1!
1-
#5876
0!
0-
#5878
1!
1-
#5880
0!
0"
0%
0-
0.
01
b0000000000000010 7
b0100 8
#5882
1!
1-
#5884
0!
0-
#5886
1!
1-
#5888
0!
0-
#5890
1!
1-
#5892
0!
1"
1%
1'
0-
1.
11
13
#5894
1!
1-
#5896
0!
0-
#5898
1!
1-
#5900
0!
0-
#5902
1!
1-
#5904
0!
0"
0%
0-
0.
01
b0000000000000101 7
b0101 8
#5906
1!
1-
#5908
0!
0-
#5910
1!
1-
#5912
0!
0-
#5914
1!
1-
#5916
0!
1"
1%
0'
0-
1.
11
03
#5918
1!
1-
#5920
0!
0-
#5922
1!
1-
#5924
0!
0-
#5926
1!
1-
#5928
0!
0"
0%
0-
0.
01
b0000000000001010 7
b0110 8
#5930
1!
1-
#5932
0!
0-
#5934
1!
1-
#5936
0!
0-
#5938
1!
1-
#5940
0!
1"
1%
1'
0-
1.
11
13
#5942
1!
1-
#5944
0!
0-
#5946
1!
1-
#5948
0!
0-
#5950
1!
1-
#5952
0!
0"
0%
0-
0.
01
b0000000000010101 7
b0111 8
#5954
1!
1-
#5956
0!
0-
#5958
1!
1-
#5960
0!
0-
#5962
1!
1-
#5964
0!
1"
1%
0'
0-
1.
11
03
#5966
1!
1-
#5968
0!
0-
#5970
1!
1-
#5972
0!
0-
#5974
1!
1-
#5976
0!
0"
0%
0-
0.
01
b0000000000101010 7
b1000 8
#5978
1!
1-
#5980
0!
0-
#5982
1!
1-
#5984
0!
0-
#5986
1!
1-
#5988
0!
1"
1%
1'
0-
1.
11
13
#5990
1!
1-
#5992
0!
0-
#5994
1!
1-
#5996
0!
0-
#5998
1!
1-
#6000
0!
0"
0#
0%
0-
0.
0/
01
b0000000001010101 7
b1001 8
#6002
1!
1-
#6004
0!
0-
#6006
1!
1-
#6008
0!
0-
#6010
1!
1-
#6012
0!
1"
1%
0-
1.
11
b10 <
#6014
1!
1-
#6016
0!
0-
#6018
1!
1-
#6020
0!
0-
#6022
1!
1-
#6024
0!
0"
0%
0-
0.
01
b0000000010101011 7
b1010 8
#6026
1!
1-
#6028
0!
0-
#6030
1!
1-
#6032
0!
0-
#6034
1!
1-
#6036
0!
1"
1%
0'
0-
1.
11
03
b00 <
#6038
1!
1-
#6040
0!
0-
#6042
1!
1-
#6044
0!
0-
#6046
1!
1-
#6048
0!
0"
0%
0-
0.
01
b0000000101010110 7
b1011 8
#6050
1!
1-
#6052
0!
0-
#6054
1!
1-
#6056
0!
0-
#6058
1!
1-
#6060
0!
1"
1%
1'
0-
1.
11
13
#6062
1!
1-
#6064
0!
0-
#6066
1!
1-
#6068
0!
0-
#6070
1!
1-
#6072
0!
0"
0%
0-
0.
01
b0000001010101101 7
b1100 8
#6074
1!
1-
#6076
0!
0-
#6078
1!
1-
#6080
0!
0-
#6082
1!
1-
#6084
0!
1"
1%
0'
0-
1.
11
03
#6086
1!
1-
#6088
0!
0-
#6090
1!
1-
#6092
0!
0-
#6094
1!
1-
#6096
0!
0"
0%
0-
0.
01
b0000010101011010 7
b1101 8
#6098
1!
1-
#6100
0!
0-
#6102
1!
1-
#6104
0!
0-
#6106
1!
1-
#6108
0!
1"
1%
1'
0-
1.
11
13
#6110
1!
1-
#6112
0!
0-
#6114
1!
1-
#6116
0!
0-
#6118
1!
1-
#6120
0!
0"
0%
0-
0.
01
b0000101010110101 7
b1110 8
#6122
1!
1-
#6124
0!
0-
#6126
1!
1-
#6128
0!
0-
#6130
1!
1-
#6132
0!
1"
1%
0'
0-
1.
11
03
#6134
1!
1-
#6136
0!
0-
#6138
1!
1-
#6140
0!
0-
#6142
1!
1-
#6144
0!
0"
0%
0-
0.
01
b0001010101101010 7
b1111 8
#6146
1!
1-
#6148
0!
0-
#6150
1!
1-
#6152
0!
0-
#6154
1!
1-
#6156
0!
1"
1%
b0010101011011000 +
0-
1.
11
#6158
1!
1-
#6160
0!
0-
#6162
1!
1-
#6164
0!
0-
#6166
1!
1-
#6168
0!
0"
0%
0-
0.
01
b0010101011010100 7
b0000 8
b010 ?
#6170
1!
1-
#6172
0!
0-
#6174
1!
1-
#6176
0!
0-
#6178
1!
1-
#6180
0!
1"
1%
0-
1.
11
#6182
1!
1-
#6184
0!
0-
#6186
1!
1-
#6188
0!
0-
#6190
1!
1-
#6192
0!
0"
0%
1&
0-
0.
01
12
0;
b000 ?
#6194
1!
1-
b10 =
1>
#6196
0!
0-
#6198
1!
b0000101010110101 (
1-
b0000101010110101 4
b00 =
0>
b0000101010110101 @
0A
#6200
0!
0-
#6202
1!
1)
1-
15
1A
#6204
0!
1"
0-
1.
#6206
1!
0)
1-
05
#6208
0!
0-
#6210
1!
1-
#6212
0!
0-
#6214
1!
1-
#6216
0!
0"
0-
0.
#6218
1!
1-
#6220
0!
0-
#6222
1!
1-
#6224
0!
0-
#6226
1!
1-
#6228
0!
1"
0-
1.
#6230
1!
1-
#6232
0!
0-
#6234
1!
1-
#6236
0!
0-
#6238
1!
1-
#6240
0!
0"
0-
0.
#6242
1!
1-
#6244
0!
0-
#6246
1!
1-
#6248
0!
0-
#6250
1!
1#
1-
1/
#6252
0!
1"
0-
1.
1:
b01 <
#6254
1!
1-
#6256
0!
0-
#6258
1!
1-
#6260
0!
0-
#6262
1!
1-
#6264
0!
0"
0&
0-
0.
02
b0000000000000000 7
1;
b001 ?
#6266
1!
1-
b01 =
#6268
0!
0-
#6270
1!
1-
b11 =
#6272
0!
0-
#6274
1!
1-
#6276
0!
1"
1%
0-
1.
11
0:
b11 <
#6278
1!
1-
#6280
0!
0-
#6282
1!
1-
#6284
0!
0-
#6286
1!
1-
#6288
0!
0"
0%
0-
0.
01
b0001 8
#6290
1!
1-
#6292
0!
0-
#6294
1!
1-
#6296
0!
0-
#6298
1!
1-
#6300
0!
1"
1%
0-
1.
11
#6302
1!
1-
#6304
0!
0-
#6306
1!
1-
#6308
0!
0-
#6310
1!
1-
#6312
0!
0"
0%
0-
0.
01
b0010 8
#6314
1!
1-
#6316
0!
0-
#6318
1!
1-
#6320
0!
0-
#6322
1!
1-
#6324
0!
1"
1%
1'
0-
1.
11
13
#6326
1!
1-
#6328
0!
0-
#6330
1!
1-
#6332
0!
0-
#6334
1!
1-
#6336
0!
0"
0%
0-
0.
01
b0000000000000001 7
b0011 8
#6338
1!
1-
#6340
0!
0-
#6342
1!
1-
#6344
0!
0-
#6346
1!
1-
#6348
0!
1"
1%
0'
0-
1.
11
03
#6350
1!
1-
#6352
0!
0-
#6354
1!
1-
#6356
0!
0-
#6358
1!
1-
#6360
0!
0"
0%
0-
0.
01
b0000000000000010 7
b0100 8
#6362
1!
1-
#6364
0!
0-
#6366
1!
1-
#6368
0!
0-
#6370
1!
1-
#6372
0!
1"
1%
1'
0-
1.
11
13
#6374
1!
1-
#6376
0!
0-
#6378
1!
1-
#6380
0!
0-
#6382
1!
1-
#6384
0!
0"
0%
0-
0.
01
b0000000000000101 7
b0101 8
#6386
1!
1-
#6388
0!
0-
#6390
1!
1-
#6392
0!
0-
#6394
1!
1-
#6396
0!
1"
1%
0'
0-
1.
11
03
#6398
1!
1-
#6400
0!
0-
#6402
1!
1-
#6404
0!
0-
#6406
1!
1-
#6408
0!
0"
0%
0-
0.
01
b0000000000001010 7
b0110 8
#6410
1!
1-
#6412
0!
0-
#6414
1!
1-
#6416
0!
0-
#6418
1!
1-
#6420
0!
1"
1%
1'
0-
1.
11
13
#6422
1!
1-
#6424
0!
0-
#6426
1!
1-
#6428
0!
0-
#6430
1!
1-
#6432
0!
0"
0%
0-
0.
01
b0000000000010101 7
b0111 8
#6434
1!
1-
#6436
0!
0-
#6438
1!
1-
#6440
0!
0-
#6442
1!
1-
#6444
0!
1"
1%
0'
0-
1.
11
03
#6446
1!
1-
#6448
0!
0-
#6450
1!
1-
#6452
0!
0-
#6454
1!
1-
#6456
0!
0"
0%
0-
0.
01
b0000000000101010 7
b1000 8
#6458
1!
1-
#6460
0!
0-
#6462
1!
1-
#6464
0!
0-
#6466
1!
1-
#6468
0!
1"
1%
1'
0-
1.
11
13
#6470
1!
1-
#6472
0!
0-
#6474
1!
1-
#6476
0!
0-
#6478
1!
1-
#6480
0!
0"
0%
0-
0.
01
b0000000001010101 7
b1001 8
#6482
1!
1-
#6484
0!
0-
#6486
1!
1-
#6488
0!
0-
#6490
1!
1-
#6492
0!
1"
1%
0-
1.
11
#6494
1!
1-
#6496
0!
0-
#6498
1!
1-
#6500
0!
0#
0-
0/
#6502
1!
1-
#6504
0!
0"
0%
0-
0.
01
b0000000010101011 7
b1010 8
#6506
1!
1-
#6508
0!
0-
#6510
1!
1-
#6512
0!
0-
#6514
1!
1-
#6516
0!
1"
1%
0'
0-
1.
11
03
b10 <
#6518
1!
1-
#6520
0!
0-
#6522
1!
1-
#6524
0!
0-
#6526
1!
1-
#6528
0!
0"
0%
0-
0.
01
b0000000101010110 7
b1011 8
#6530
1!
1-
#6532
0!
0-
#6534
1!
1-
#6536
0!
0-
#6538
1!
1-
#6540
0!
1"
1%
1'
0-
1.
11
13
b00 <
#6542
1!
1-
#6544
0!
0-
#6546
1!
1-
#6548
0!
0-
#6550
1!
1-
#6552
0!
0"
0%
0-
0.
01
b0000001010101101 7
b1100 8
#6554
1!
1-
#6556
0!
0-
#6558
1!
1-
#6560
0!
0-
#6562
1!
1-
#6564
0!
1"
1%
0-
1.
11
#6566
1!
1-
#6568
0!
0-
#6570
1!
1-
#6572
0!
0-
#6574
1!
1-
#6576
0!
0"
0%
0-
0.
01
b0000010101011011 7
b1101 8
#6578
1!
1-
#6580
0!
0-
#6582
1!
1-
#6584
0!
0-
#6586
1!
1-
#6588
0!
1"
1%
0'
0-
1.
11
03
#6590
1!
1-
#6592
0!
0-
#6594
1!
1-
#6596
0!
0-
#6598
1!
1-
#6600
0!
0"
0%
0-
0.
01
b0000101010110110 7
b1110 8
#6602
1!
1-
#6604
0!
0-
#6606
1!
1-
#6608
0!
0-
#6610
1!
1-
#6612
0!
1"
1%
0-
1.
11
#6614
1!
1-
#6616
0!
0-
#6618
1!
1-
#6620
0!
0-
#6622
1!
1-
#6624
0!
0"
0%
0-
0.
01
b0001010101101100 7
b1111 8
#6626
1!
1-
#6628
0!
0-
#6630
1!
1-
#6632
0!
0-
#6634
1!
1-
#6636
0!
1"
1%
b0010101011011100 +
0-
1.
11
#6638
1!
1-
#6640
0!
0-
#6642
1!
1-
#6644
0!
0-
#6646
1!
1-
#6648
0!
0"
0%
0-
0.
01
b0010101011011000 7
b0000 8
b010 ?
#6650
1!
1-
#6652
0!
0-
#6654
1!
1-
#6656
0!
0-
#6658
1!
1-
#6660
0!
1"
1%
0-
1.
11
#6662
1!
1-
#6664
0!
0-
#6666
1!
1-
#6668
0!
0-
#6670
1!
1-
#6672
0!
0"
0%
1&
0-
0.
01
12
0;
b000 ?
#6674
1!
1-
b10 =
1>
#6676
0!
0-
#6678
1!
b0000101010110110 (
1-
b0000101010110110 4
b00 =
0>
b0000101010110110 @
0A
#6680
0!
0-
#6682
1!
1)
1-
15
1A
#6684
0!
1"
0-
1.
#6686
1!
0)
1-
05
#6688
0!
0-
#6690
1!
1-
#6692
0!
0-
#6694
1!
1-
#6696
0!
0"
0-
0.
#6698
1!
1-
#6700
0!
0-
#6702
1!
1-
#6704
0!
0-
#6706
1!
1-
#6708
0!
1"
0-
1.
#6710
1!
1-
#6712
0!
0-
#6714
1!
1-
#6716
0!
0-
#6718
1!
1-
#6720
0!
0"
0-
0.
#6722
1!
1-
#6724
0!
0-
#6726
1!
1-
#6728
0!
0-
#6730
1!
1-
#6732
0!
1"
0-
1.
#6734
1!
1-
#6736
0!
0-
#6738
1!
1-
#6740
0!
0-
#6742
1!
1-
#6744
0!
0"
0-
0.
#6746
1!
1-
#6748
0!
0-
#6750
1!
1#
1-
1/
#6752
0!
0-
#6754
1!
1-
#6756
0!
1"
0-
1.
1:
b01 <
#6758
1!
1-
#6760
0!
0-
#6762
1!
1-
#6764
0!
0-
#6766
1!
1-
#6768
0!
0"
0&
0-
0.
02
b0000000000000000 7
1;
b001 ?
#6770
1!
1-
b01 =
#6772
0!
0-
#6774
1!
1-
b11 =
#6776
0!
0-
#6778
1!
1-
#6780
0!
1"
1%
0-
1.
11
0:
b11 <
#6782
1!
1-
#6784
0!
0-
#6786
1!
1-
#6788
0!
0-
#6790
1!
1-
#6792
0!
0"
0%
0-
0.
01
b0001 8
#6794
1!
1-
#6796
0!
0-
#6798
1!
1-
#6800
0!
0-
#6802
1!
1-
#6804
0!
1"
1%
0-
1.
11
#6806
1!
1-
#6808
0!
0-
#6810
1!
1-
#6812
0!
0-
#6814
1!
1-
#6816
0!
0"
0%
0-
0.
01
b0010 8
#6818
1!
1-
#6820
0!
0-
#6822
1!
1-
#6824
0!
0-
#6826
1!
1-
#6828
0!
1"
1%
1'
0-
1.
11
13
#6830
1!
1-
#6832
0!
0-
#6834
1!
1-
#6836
0!
0-
#6838
1!
1-
#6840
0!
0"
0%
0-
0.
01
b0000000000000001 7
b0011 8
#6842
1!
1-
#6844
0!
0-
#6846
1!
1-
#6848
0!
0-
#6850
1!
1-
#6852
0!
1"
1%
0'
0-
1.
11
03
#6854
1!
1-
#6856
0!
0-
#6858
1!
1-
#6860
0!
0-
#6862
1!
1-
#6864
0!
0"
0%
0-
0.
01
b0000000000000010 7
b0100 8
#6866
1!
1-
#6868
0!
0-
#6870
1!
1-
#6872
0!
0-
#6874
1!
1-
#6876
0!
1"
1%
1'
0-
1.
11
13
#6878
1!
1-
#6880
0!
0-
#6882
1!
1-
#6884
0!
0-
#6886
1!
1-
#6888
0!
0"
0%
0-
0.
01
b0000000000000101 7
b0101 8
#6890
1!
1-
#6892
0!
0-
#6894
1!
1-
#6896
0!
0-
#6898
1!
1-
#6900
0!
1"
1%
0'
0-
1.
11
03
#6902
1!
1-
#6904
0!
0-
#6906
1!
1-
#6908
0!
0-
#6910
1!
1-
#6912
0!
0"
0%
0-
0.
01
b0000000000001010 7
b0110 8
#6914
1!
1-
#6916
0!
0-
#6918
1!
1-
#6920
0!
0-
#6922
1!
1-
#6924
0!
1"
1%
1'
0-
1.
11
13
#6926
1!
1-
#6928
0!
0-
#6930
1!
1-
#6932
0!
0-
#6934
1!
1-
#6936
0!
0"
0%
0-
0.
01
b0000000000010101 7
b0111 8
#6938
1!
1-
#6940
0!
0-
#6942
1!
1-
#6944
0!
0-
#6946
1!
1-
#6948
0!
1"
1%
0'
0-
1.
11
03
#6950
1!
1-
#6952
0!
0-
#6954
1!
1-
#6956
0!
0-
#6958
1!
1-
#6960
0!
0"
0%
0-
0.
01
b0000000000101010 7
b1000 8
#6962
1!
1-
#6964
0!
0-
#6966
1!
1-
#6968
0!
0-
#6970
1!
1-
#6972
0!
1"
1%
1'
0-
1.
11
13
#6974
1!
1-
#6976
0!
0-
#6978
1!
1-
#6980
0!
0-
#6982
1!
1-
#6984
0!
0"
0%
0-
0.
01
b0000000001010101 7
b1001 8
#6986
1!
1-
#6988
0!
0-
#6990
1!
1-
#6992
0!
0-
#6994
1!
1-
#6996
0!
1"
1%
0-
1.
11
#6998
1!
1-
#7000
0!
0#
0-
0/
#7002
1!
1-
#7004
0!
0-
#7006
1!
1-
#7008
0!
0"
0%
0-
0.
01
b0000000010101011 7
b1010 8
#7010
1!
1-
#7012
0!
0-
#7014
1!
1-
#7016
0!
0-
#7018
1!
1-
#7020
0!
1"
1%
0'
0-
1.
11
03
b10 <
#7022
1!
1-
#7024
0!
0-
#7026
1!
1-
#7028
0!
0-
#7030
1!
1-
#7032
0!
0"
0%
0-
0.
01
b0000000101010110 7
b1011 8
#7034
1!
1-
#7036
0!
0-
#7038
1!
1-
#7040
0!
0-
#7042
1!
1-
#7044
0!
1"
1%
1'
0-
1.
11
13
b00 <
#7046
1!
1-
#7048
0!
0-
#7050
1!
1-
#7052
0!
0-
#7054
1!
1-
#7056
0!
0"
0%
0-
0.
01
b0000001010101101 7
b1100 8
#7058
1!
1-
#7060
0!
0-
#7062
1!
1-
#7064
0!
0-
#7066
1!
1-
#7068
0!
1"
1%
0-
1.
11
#7070
1!
1-
#7072
0!
0-
#7074
1!
1-
#7076
0!
0-
#7078
1!
1-
#7080
0!
0"
0%
0-
0.
01
b0000010101011011 7
b1101 8
#7082
1!
1-
#7084
0!
0-
#7086
1!
1-
#7088
0!
0-
#7090
1!
1-
#7092
0!
1"
1%
0-
1.
11
#7094
1!
1-
#7096
0!
0-
#7098
1!
1-
#7100
0!
0-
#7102
1!
1-
#7104
0!
0"
0%
0-
0.
01
b0000101010110111 7
b1110 8
#7106
1!
1-
#7108
0!
0-
#7110
1!
1-
#7112
0!
0-
#7114
1!
1-
#7116
0!
1"
1%
0'
0-
1.
11
03
#7118
1!
1-
#7120
0!
0-
#7122
1!
1-
#7124
0!
0-
#7126
1!
1-
#7128
0!
0"
0%
0-
0.
01
b0001010101101110 7
b1111 8
#7130
1!
1-
#7132
0!
0-
#7134
1!
1-
#7136
0!
0-
#7138
1!
1-
#7140
0!
1"
1%
b0010101011100000 +
0-
1.
11
#7142
1!
1-
#7144
0!
0-
#7146
1!
1-
#7148
0!
0-
#7150
1!
1-
#7152
0!
0"
0%
0-
0.
01
b0010101011011100 7
b0000 8
b010 ?
#7154
1!
1-
#7156
0!
0-
#7158
1!
1-
#7160
0!
0-
#7162
1!
1-
#7164
0!
1"
1%
0-
1.
11
#7166
1!
1-
#7168
0!
0-
#7170
1!
1-
#7172
0!
0-
#7174
1!
1-
#7176
0!
0"
0%
1&
0-
0.
01
12
0;
b000 ?
#7178
1!
1-
b10 =
1>
#7180
0!
0-
#7182
1!
b0000101010110111 (
1-
b0000101010110111 4
b00 =
0>
b0000101010110111 @
0A
#7184
0!
0-
#7186
1!
1)
1-
15
1A
#7188
0!
1"
0-
1.
#7190
1!
0)
1-
05
#7192
0!
0-
#7194
1!
1-
#7196
0!
0-
#7198
1!
1-
#7200
0!
0"
0-
0.
#7202
1!
1-
#7204
0!
0-
#7206
1!
1-
#7208
0!
0-
#7210
1!
1-
#7212
0!
1"
0-
1.
#7214
1!
1-
#7216
0!
0-
#7218
1!
1-
#7220
0!
0-
#7222
1!
1-
#7224
0!
0"
0-
0.
#7226
1!
1-
#7228
0!
0-
#7230
1!
1-
#7232
0!
0-
#7234
1!
1-
#7236
0!
1"
0-
1.
#7238
1!
1-
#7240
0!
0-
#7242
1!
1-
#7244
0!
0-
#7246
1!
1-
#7248
0!
0"
0-
0.
#7250
1!
1#
1-
1/
#7252
0!
0-
#7254
1!
1-
#7256
0!
0-
#7258
1!
1-
#7260
0!
1"
0-
1.
1:
b01 <
#7262
1!
1-
#7264
0!
0-
#7266
1!
1-
#7268
0!
0-
#7270
1!
1-
#7272
0!
0"
0&
0-
0.
02
b0000000000000000 7
1;
b001 ?
#7274
1!
1-
b01 =
#7276
0!
0-
#7278
1!
1-
b11 =
#7280
0!
0-
#7282
1!
1-
#7284
0!
1"
1%
0-
1.
11
0:
b11 <
#7286
1!
1-
#7288
0!
0-
#7290
1!
1-
#7292
0!
0-
#7294
1!
1-
#7296
0!
0"
0%
0-
0.
01
b0001 8
#7298
1!
1-
#7300
0!
0-
#7302
1!
1-
#7304
0!
0-
#7306
1!
1-
#7308
0!
1"
1%
0-
1.
11
#7310
1!
1-
#7312
0!
0-
#7314
1!
1-
#7316
0!
0-
#7318
1!
1-
#7320
0!
0"
0%
0-
0.
01
b0010 8
#7322
1!
1-
#7324
0!
0-
#7326
1!
1-
#7328
0!
0-
#7330
1!
1-
#7332
0!
1"
1%
1'
0-
1.
11
13
#7334
1!
1-
#7336
0!
0-
#7338
1!
1-
#7340
0!
0-
#7342
1!
1-
#7344
0!
0"
0%
0-
0.
01
b0000000000000001 7
b0011 8
#7346
1!
1-
#7348
0!
0-
#7350
1!
1-
#7352
0!
0-
#7354
1!
1-
#7356
0!
1"
1%
0'
0-
1.
11
03
#7358
1!
1-
#7360
0!
0-
#7362
1!
1-
#7364
0!
0-
#7366
1!
1-
#7368
0!
0"
0%
0-
0.
01
b0000000000000010 7
b0100 8
#7370
1!
1-
#7372
0!
0-
#7374
1!
1-
#7376
0!
0-
#7378
1!
1-
#7380
0!
1"
1%
1'
0-
1.
11
13
#7382
1!
1-
#7384
0!
0-
#7386
1!
1-
#7388
0!
0-
#7390
1!
1-
#7392
0!
0"
0%
0-
0.
01
b0000000000000101 7
b0101 8
#7394
1!
1-
#7396
0!
0-
#7398
1!
1-
#7400
0!
0-
#7402
1!
1-
#7404
0!
1"
1%
0'
0-
1.
11
03
#7406
1!
1-
#7408
0!
0-
#7410
1!
1-
#7412
0!
0-
#7414
1!
1-
#7416
0!
0"
0%
0-
0.
01
b0000000000001010 7
b0110 8
#7418
1!
1-
#7420
0!
0-
#7422
1!
1-
#7424
0!
0-
#7426
1!
1-
#7428
0!
1"
1%
1'
0-
1.
11
13
#7430
1!
1-
#7432
0!
0-
#7434
1!
1-
#7436
0!
0-
#7438
1!
1-
#7440
0!
0"
0%
0-
0.
01
b0000000000010101 7
b0111 8
#7442
1!
1-
#7444
0!
0-
#7446
1!
1-
#7448
0!
0-
#7450
1!
1-
#7452
0!
1"
1%
0'
0-
1.
11
03
#7454
1!
1-
#7456
0!
0-
#7458
1!
1-
#7460
0!
0-
#7462
1!
1-
#7464
0!
0"
0%
0-
0.
01
b0000000000101010 7
b1000 8
#7466
1!
1-
#7468
0!
0-
#7470
1!
1-
#7472
0!
0-
#7474
1!
1-
#7476
0!
1"
1%
1'
0-
1.
11
13
#7478
1!
1-
#7480
0!
0-
#7482
1!
1-
#7484
0!
0-
#7486
1!
1-
#7488
0!
0"
0%
0-
0.
01
b0000000001010101 7
b1001 8
#7490
1!
1-
#7492
0!
0-
#7494
1!
1-
#7496
0!
0-
#7498
1!
1-
#7500
0!
1"
0#
1%
0-
1.
0/
11
b10 <
#7502
1!
1-
#7504
0!
0-
#7506
1!
1-
#7508
0!
0-
#7510
1!
1-
#7512
0!
0"
0%
0-
0.
01
b0000000010101011 7
b1010 8
#7514
1!
1-
#7516
0!
0-
#7518
1!
1-
#7520
0!
0-
#7522
1!
1-
#7524
0!
1"
1%
0-
1.
11
b00 <
#7526
1!
1-
#7528
0!
0-
#7530
1!
1-
#7532
0!
0-
#7534
1!
1-
#7536
0!
0"
0%
0-
0.
01
b0000000101010111 7
b1011 8
#7538
1!
1-
#7540
0!
0-
#7542
1!
1-
#7544
0!
0-
#7546
1!
1-
#7548
0!
1"
1%
0'
0-
1.
11
03
#7550
1!
1-
#7552
0!
0-
#7554
1!
1-
#7556
0!
0-
#7558
1!
1-
#7560
0!
0"
0%
0-
0.
01
b0000001010101110 7
b1100 8
#7562
1!
1-
#7564
0!
0-
#7566
1!
1-
#7568
0!
0-
#7570
1!
1-
#7572
0!
1"
1%
0-
1.
11
#7574
1!
1-
#7576
0!
0-
#7578
1!
1-
#7580
0!
0-
#7582
1!
1-
#7584
0!
0"
0%
0-
0.
01
b0000010101011100 7
b1101 8
#7586
1!
1-
#7588
0!
0-
#7590
1!
1-
#7592
0!
0-
#7594
1!
1-
#7596
0!
1"
1%
0-
1.
11
#7598
1!
1-
#7600
0!
0-
#7602
1!
1-
#7604
0!
0-
#7606
1!
1-
#7608
0!
0"
0%
0-
0.
01
b0000101010111000 7
b1110 8
#7610
1!
1-
#7612
0!
0-
#7614
1!
1-
#7616
0!
0-
#7618
1!
1-
#7620
0!
1"
1%
0-
1.
11
#7622
1!
1-
#7624
0!
0-
#7626
1!
1-
#7628
0!
0-
#7630
1!
1-
#7632
0!
0"
0%
0-
0.
01
b0001010101110000 7
b1111 8
#7634
1!
1-
#7636
0!
0-
#7638
1!
1-
#7640
0!
0-
#7642
1!
1-
#7644
0!
1"
1%
b0010101011100100 +
0-
1.
11
#7646
1!
1-
#7648
0!
0-
#7650
1!
1-
#7652
0!
0-
#7654
1!
1-
#7656
0!
0"
0%
0-
0.
01
b0010101011100000 7
b0000 8
b010 ?
#7658
1!
1-
#7660
0!
0-
#7662
1!
1-
#7664
0!
0-
#7666
1!
1-
#7668
0!
1"
1%
0-
1.
11
#7670
1!
1-
#7672
0!
0-
#7674
1!
1-
#7676
0!
0-
#7678
1!
1-
#7680
0!
0"
0%
1&
0-
0.
01
12
0;
b000 ?
#7682
1!
1-
b10 =
1>
#7684
0!
0-
#7686
1!
b0000101010111000 (
1-
b0000101010111000 4
b00 =
0>
b0000101010111000 @
0A
#7688
0!
0-
#7690
1!
1)
1-
15
1A
#7692
0!
1"
0-
1.
#7694
1!
0)
1-
05
#7696
0!
0-
#7698
1!
1-
#7700
0!
0-
#7702
1!
1-
#7704
0!
0"
0-
0.
#7706
1!
1-
#7708
0!
0-
#7710
1!
1-
#7712
0!
0-
#7714
1!
1-
#7716
0!
1"
0-
1.
#7718
1!
1-
#7720
0!
0-
#7722
1!
1-
#7724
0!
0-
#7726
1!
1-
#7728
0!
0"
0-
0.
#7730
1!
1-
#7732
0!
0-
#7734
1!
1-
#7736
0!
0-
#7738
1!
1-
#7740
0!
1"
0-
1.
#7742
1!
1-
#7744
0!
0-
#7746
1!
1-
#7748
0!
0-
#7750
1!
1#
1-
1/
#7752
0!
0"
0-
0.
#7754
1!
1-
#7756
0!
0-
#7758
1!
1-
#7760
0!
0-
#7762
1!
1-
#7764
0!
1"
0-
1.
1:
b01 <
#7766
1!
1-
#7768
0!
0-
#7770
1!
1-
#7772
0!
0-
#7774
1!
1-
#7776
0!
0"
0&
0-
0.
02
b0000000000000000 7
1;
b001 ?
#7778
1!
1-
b01 =
#7780
0!
0-
#7782
1!
1-
b11 =
#7784
0!
0-
#7786
1!
1-
#7788
0!
1"
1%
0-
1.
11
0:
b11 <
#7790
1!
1-
#7792
0!
0-
#7794
1!
1-
#7796
0!
0-
#7798
1!
1-
#7800
0!
0"
0%
0-
0.
01
b0001 8
#7802
1!
1-
#7804
0!
0-
#7806
1!
1-
#7808
0!
0-
#7810
1!
1-
#7812
0!
1"
1%
0-
1.
11
#7814
1!
1-
#7816
0!
0-
#7818
1!
1-
#7820
0!
0-
#7822
1!
1-
#7824
0!
0"
0%
0-
0.
01
b0010 8
#7826
1!
1-
#7828
0!
0-
#7830
1!
1-
#7832
0!
0-
#7834
1!
1-
#7836
0!
1"
1%
1'
0-
1.
11
13
#7838
1!
1-
#7840
0!
0-
#7842
1!
1-
#7844
0!
0-
#7846
1!
1-
#7848
0!
0"
0%
0-
0.
01
b0000000000000001 7
b0011 8
#7850
1!
1-
#7852
0!
0-
#7854
1!
1-
#7856
0!
0-
#7858
1!
1-
#7860
0!
1"
1%
0'
0-
1.
11
03
#7862
1!
1-
#7864
0!
0-
#7866
1!
1-
#7868
0!
0-
#7870
1!
1-
#7872
0!
0"
0%
0-
0.
01
b0000000000000010 7
b0100 8
#7874
1!
1-
#7876
0!
0-
#7878
1!
1-
#7880
0!
0-
#7882
1!
1-
#7884
0!
1"
1%
1'
0-
1.
11
13
#7886
1!
1-
#7888
0!
0-
#7890
1!
1-
#7892
0!
0-
#7894
1!
1-
#7896
0!
0"
0%
0-
0.
01
b0000000000000101 7
b0101 8
#7898
1!
1-
#7900
0!
0-
#7902
1!
1-
#7904
0!
0-
#7906
1!
1-
#7908
0!
1"
1%
0'
0-
1.
11
03
#7910
1!
1-
#7912
0!
0-
#7914
1!
1-
#7916
0!
0-
#7918
1!
1-
#7920
0!
0"
0%
0-
0.
01
b0000000000001010 7
b0110 8
#7922
1!
1-
#7924
0!
0-
#7926
1!
1-
#7928
0!
0-
#7930
1!
1-
#7932
0!
1"
1%
1'
0-
1.
11
13
#7934
1!
1-
#7936
0!
0-
#7938
1!
1-
#7940
0!
0-
#7942
1!
1-
#7944
0!
0"
0%
0-
0.
01
b0000000000010101 7
b0111 8
#7946
1!
1-
#7948
0!
0-
#7950
1!
1-
#7952
0!
0-
#7954
1!
1-
#7956
0!
1"
1%
0'
0-
1.
11
03
#7958
1!
1-
#7960
0!
0-
#7962
1!
1-
#7964
0!
0-
#7966
1!
1-
#7968
0!
0"
0%
0-
0.
01
b0000000000101010 7
b1000 8
#7970
1!
1-
#7972
0!
0-
#7974
1!
1-
#7976
0!
0-
#7978
1!
1-
#7980
0!
1"
1%
1'
0-
1.
11
13
#7982
1!
1-
#7984
0!
0-
#7986
1!
1-
#7988
0!
0-
#7990
1!
1-
#7992
0!
0"
0%
0-
0.
01
b0000000001010101 7
b1001 8
#7994
1!
1-
#7996
0!
0-
#7998
1!
1-
#8000
0!
0#
0-
0/
#8002
1!
1-
#8004
0!
1"
1%
0-
1.
11
b10 <
#8006
1!
1-
#8008
0!
0-
#8010
1!
1-
#8012
0!
0-
#8014
1!
1-
#8016
0!
0"
0%
0-
0.
01
b0000000010101011 7
b1010 8
#8018
1!
1-
#8020
0!
0-
#8022
1!
1-
#8024
0!
0-
#8026
1!
1-
#8028
0!
1"
1%
0-
1.
11
b00 <
#8030
1!
1-
#8032
0!
0-
#8034
1!
1-
#8036
0!
0-
#8038
1!
1-
#8040
0!
0"
0%
0-
0.
01
b0000000101010111 7
b1011 8
#8042
1!
1-
#8044
0!
0-
#8046
1!
1-
#8048
0!
0-
#8050
1!
1-
#8052
0!
1"
1%
0'
0-
1.
11
03
#8054
1!
1-
#8056
0!
0-
#8058
1!
1-
#8060
0!
0-
#8062
1!
1-
#8064
0!
0"
0%
0-
0.
01
b0000001010101110 7
b1100 8
#8066
1!
1-
#8068
0!
0-
#8070
1!
1-
#8072
0!
0-
#8074
1!
1-
#8076
0!
1"
1%
0-
1.
11
#8078
1!
1-
#8080
0!
0-
#8082
1!
1-
#8084
0!
0-
#8086
1!
1-
#8088
0!
0"
0%
0-
0.
01
b0000010101011100 7
b1101 8
#8090
1!
1-
#8092
0!
0-
#8094
1!
1-
#8096
0!
0-
#8098
1!
1-
#8100
0!
1"
1%
1'
0-
1.
11
13
#8102
1!
1-
#8104
0!
0-
#8106
1!
1-
#8108
0!
0-
#8110
1!
1-
#8112
0!
0"
0%
0-
0.
01
b0000101010111001 7
b1110 8
#8114
1!
1-
#8116
0!
0-
#8118
1!
1-
#8120
0!
0-
#8122
1!
1-
#8124
0!
1"
1%
0'
0-
1.
11
03
#8126
1!
1-
#8128
0!
0-
#8130
1!
1-
#8132
0!
0-
#8134
1!
1-
#8136
0!
0"
0%
0-
0.
01
b0001010101110010 7
b1111 8
#8138
1!
1-
#8140
0!
0-
#8142
1!
1-
#8144
0!
0-
#8146
1!
1-
#8148
0!
1"
1%
b0010101011101000 +
0-
1.
11
#8150
1!
1-
#8152
0!
0-
#8154
1!
1-
#8156
0!
0-
#8158
1!
1-
#8160
0!
0"
0%
0-
0.
01
b0010101011100100 7
b0000 8
b010 ?
#8162
1!
1-
#8164
0!
0-
#8166
1!
1-
#8168
0!
0-
#8170
1!
1-
#8172
0!
1"
1%
0-
1.
11
#8174
1!
1-
#8176
0!
0-
#8178
1!
1-
#8180
0!
0-
#8182
1!
1-
#8184
0!
0"
0%
1&
0-
0.
01
12
0;
b000 ?
#8186
1!
1-
b10 =
1>
#8188
0!
0-
#8190
1!
b0000101010111001 (
1-
b0000101010111001 4
b00 =
0>
b0000101010111001 @
0A
#8192
0!
0-
#8194
1!
1)
1-
15
1A
#8196
0!
1"
0-
1.
#8198
1!
0)
1-
05
#8200
0!
0-
#8202
1!
1-
#8204
0!
0-
#8206
1!
1-
#8208
0!
0"
0-
0.
#8210
1!
1-
#8212
0!
0-
#8214
1!
1-
#8216
0!
0-
#8218
1!
1-
#8220
0!
1"
0-
1.
#8222
1!
1-
#8224
0!
0-
#8226
1!
1-
#8228
0!
0-
#8230
1!
1-
#8232
0!
0"
0-
0.
#8234
1!
1-
#8236
0!
0-
#8238
1!
1-
#8240
0!
0-
#8242
1!
1-
#8244
0!
1"
0-
1.
#8246
1!
1-
#8248
0!
0-
#8250
1!
1#
1-
1/
#8252
0!
0-
#8254
1!
1-
#8256
0!
0"
0-
0.
#8258
1!
1-
#8260
0!
0-
#8262
1!
1-
#8264
0!
0-
#8266
1!
1-
#8268
0!
1"
0-
1.
1:
b01 <
#8270
1!
1-
#8272
0!
0-
#8274
1!
1-
#8276
0!
0-
#8278
1!
1-
#8280
0!
0"
0&
0-
0.
02
b0000000000000000 7
1;
b001 ?
#8282
1!
1-
b01 =
#8284
0!
0-
#8286
1!
1-
b11 =
#8288
0!
0-
#8290
1!
1-
#8292
0!
1"
1%
0-
1.
11
0:
b11 <
#8294
1!
1-
#8296
0!
0-
#8298
1!
1-
#8300
0!
0-
#8302
1!
1-
#8304
0!
0"
0%
0-
0.
01
b0001 8
#8306
1!
1-
#8308
0!
0-
#8310
1!
1-
#8312
0!
0-
#8314
1!
1-
#8316
0!
1"
1%
0-
1.
11
#8318
1!
1-
#8320
0!
0-
#8322
1!
1-
#8324
0!
0-
#8326
1!
1-
#8328
0!
0"
0%
0-
0.
01
b0010 8
#8330
1!
1-
#8332
0!
0-
#8334
1!
1-
#8336
0!
0-
#8338
1!
1-
#8340
0!
1"
1%
1'
0-
1.
11
13
#8342
1!
1-
#8344
0!
0-
#8346
1!
1-
#8348
0!
0-
#8350
1!
1-
#8352
0!
0"
0%
0-
0.
01
b0000000000000001 7
b0011 8
#8354
1!
1-
#8356
0!
0-
#8358
1!
1-
#8360
0!
0-
#8362
1!
1-
#8364
0!
1"
1%
0'
0-
1.
11
03
#8366
1!
1-
#8368
0!
0-
#8370
1!
1-
#8372
0!
0-
#8374
1!
1-
#8376
0!
0"
0%
0-
0.
01
b0000000000000010 7
b0100 8
#8378
1!
1-
#8380
0!
0-
#8382
1!
1-
#8384
0!
0-
#8386
1!
1-
#8388
0!
1"
1%
1'
0-
1.
11
13
#8390
1!
1-
#8392
0!
0-
#8394
1!
1-
#8396
0!
0-
#8398
1!
1-
#8400
0!
0"
0%
0-
0.
01
b0000000000000101 7
b0101 8
#8402
1!
1-
#8404
0!
0-
#8406
1!
1-
#8408
0!
0-
#8410
1!
1-
#8412
0!
1"
1%
0'
0-
1.
11
03
#8414
1!
1-
#8416
0!
0-
#8418
1!
1-
#8420
0!
0-
#8422
1!
1-
#8424
0!
0"
0%
0-
0.
01
b0000000000001010 7
b0110 8
#8426
1!
1-
#8428
0!
0-
#8430
1!
1-
#8432
0!
0-
#8434
1!
1-
#8436
0!
1"
1%
1'
0-
1.
11
13
#8438
1!
1-
#8440
0!
0-
#8442
1!
1-
#8444
0!
0-
#8446
1!
1-
#8448
0!
0"
0%
0-
0.
01
b0000000000010101 7
b0111 8
#8450
1!
1-
#8452
0!
0-
#8454
1!
1-
#8456
0!
0-
#8458
1!
1-
#8460
0!
1"
1%
0'
0-
1.
11
03
#8462
1!
1-
#8464
0!
0-
#8466
1!
1-
#8468
0!
0-
#8470
1!
1-
#8472
0!
0"
0%
0-
0.
01
b0000000000101010 7
b1000 8
#8474
1!
1-
#8476
0!
0-
#8478
1!
1-
#8480
0!
0-
#8482
1!
1-
#8484
0!
1"
1%
1'
0-
1.
11
13
#8486
1!
1-
#8488
0!
0-
#8490
1!
1-
#8492
0!
0-
#8494
1!
1-
#8496
0!
0"
0%
0-
0.
01
b0000000001010101 7
b1001 8
#8498
1!
1-
#8500
0!
0#
0-
0/
#8502
1!
1-
#8504
0!
0-
#8506
1!
1-
#8508
0!
1"
1%
0-
1.
11
b10 <
#8510
1!
1-
#8512
0!
0-
#8514
1!
1-
#8516
0!
0-
#8518
1!
1-
#8520
0!
0"
0%
0-
0.
01
b0000000010101011 7
b1010 8
#8522
1!
1-
#8524
0!
0-
#8526
1!
1-
#8528
0!
0-
#8530
1!
1-
#8532
0!
1"
1%
0-
1.
11
b00 <
#8534
1!
1-
#8536
0!
0-
#8538
1!
1-
#8540
0!
0-
#8542
1!
1-
#8544
0!
0"
0%
0-
0.
01
b0000000101010111 7
b1011 8
#8546
1!
1-
#8548
0!
0-
#8550
1!
1-
#8552
0!
0-
#8554
1!
1-
#8556
0!
1"
1%
0'
0-
1.
11
03
#8558
1!
1-
#8560
0!
0-
#8562
1!
1-
#8564
0!
0-
#8566
1!
1-
#8568
0!
0"
0%
0-
0.
01
b0000001010101110 7
b1100 8
#8570
1!
1-
#8572
0!
0-
#8574
1!
1-
#8576
0!
0-
#8578
1!
1-
#8580
0!
1"
1%
1'
0-
1.
11
13
#8582
1!
1-
#8584
0!
0-
#8586
1!
1-
#8588
0!
0-
#8590
1!
1-
#8592
0!
0"
0%
0-
0.
01
b0000010101011101 7
b1101 8
#8594
1!
1-
#8596
0!
0-
#8598
1!
1-
#8600
0!
0-
#8602
1!
1-
#8604
0!
1"
1%
0'
0-
1.
11
03
#8606
1!
1-
#8608
0!
0-
#8610
1!
1-
#8612
0!
0-
#8614
1!
1-
#8616
0!
0"
0%
0-
0.
01
b0000101010111010 7
b1110 8
#8618
1!
1-
#8620
0!
0-
#8622
1!
1-
#8624
0!
0-
#8626
1!
1-
#8628
0!
1"
1%
0-
1.
11
#8630
1!
1-
#8632
0!
0-
#8634
1!
1-
#8636
0!
0-
#8638
1!
1-
#8640
0!
0"
0%
0-
0.
01
b0001010101110100 7
b1111 8
#8642
1!
1-
#8644
0!
0-
#8646
1!
1-
#8648
0!
0-
#8650
1!
1-
#8652
0!
1"
1%
b0010101011101100 +
0-
1.
11
#8654
1!
1-
#8656
0!
0-
#8658
1!
1-
#8660
0!
0-
#8662
1!
1-
#8664
0!
0"
0%
0-
0.
01
b0010101011101000 7
b0000 8
b010 ?
#8666
1!
1-
#8668
0!
0-
#8670
1!
1-
#8672
0!
0-
#8674
1!
1-
#8676
0!
1"
1%
0-
1.
11
#8678
1!
1-
#8680
0!
0-
#8682
1!
1-
#8684
0!
0-
#8686
1!
1-
#8688
0!
0"
0%
1&
0-
0.
01
12
0;
b000 ?
#8690
1!
1-
b10 =
1>
#8692
0!
0-
#8694
1!
b0000101010111010 (
1-
b0000101010111010 4
b00 =
0>
b0000101010111010 @
0A
#8696
0!
0-
#8698
1!
1)
1-
15
1A
#8700
0!
1"
0-
1.
#8702
1!
0)
1-
05
#8704
0!
0-
#8706
1!
1-
#8708
0!
0-
#8710
1!
1-
#8712
0!
0"
0-
0.
#8714
1!
1-
#8716
0!
0-
#8718
1!
1-
#8720
0!
0-
#8722
1!
1-
#8724
0!
1"
0-
1.
#8726
1!
1-
#8728
0!
0-
#8730
1!
1-
#8732
0!
0-
#8734
1!
1-
#8736
0!
0"
0-
0.
#8738
1!
1-
#8740
0!
0-
#8742
1!
1-
#8744
0!
0-
#8746
1!
1-
#8748
0!
1"
0-
1.
#8750
1!
1#
1-
1/
#8752
0!
0-
#8754
1!
1-
#8756
0!
0-
#8758
1!
1-
#8760
0!
0"
0-
0.
#8762
1!
1-
#8764
0!
0-
#8766
1!
1-
#8768
0!
0-
#8770
1!
1-
#8772
0!
1"
0-
1.
1:
b01 <
#8774
1!
1-
#8776
0!
0-
#8778
1!
1-
#8780
0!
0-
#8782
1!
1-
#8784
0!
0"
0&
0-
0.
02
b0000000000000000 7
1;
b001 ?
#8786
1!
1-
b01 =
#8788
0!
0-
#8790
1!
1-
b11 =
#8792
0!
0-
#8794
1!
1-
#8796
0!
1"
1%
0-
1.
11
0:
b11 <
#8798
1!
1-
#8800
0!
0-
#8802
1!
1-
#8804
0!
0-
#8806
1!
1-
#8808
0!
0"
0%
0-
0.
01
b0001 8
#8810
1!
1-
#8812
0!
0-
#8814
1!
1-
#8816
0!
0-
#8818
1!
1-
#8820
0!
1"
1%
0-
1.
11
#8822
1!
1-
#8824
0!
0-
#8826
1!
1-
#8828
0!
0-
#8830
1!
1-
#8832
0!
0"
0%
0-
0.
01
b0010 8
#8834
1!
1-
#8836
0!
0-
#8838
1!
1-
#8840
0!
0-
#8842
1!
1-
#8844
0!
1"
1%
1'
0-
1.
11
13
#8846
1!
1-
#8848
0!
0-
#8850
1!
1-
#8852
0!
0-
#8854
1!
1-
#8856
0!
0"
0%
0-
0.
01
b0000000000000001 7
b0011 8
#8858
1!
1-
#8860
0!
0-
#8862
1!
1-
#8864
0!
0-
#8866
1!
1-
#8868
0!
1"
1%
0'
0-
1.
11
03
#8870
1!
1-
#8872
0!
0-
#8874
1!
1-
#8876
0!
0-
#8878
1!
1-
#8880
0!
0"
0%
0-
0.
01
b0000000000000010 7
b0100 8
#8882
1!
1-
#8884
0!
0-
#8886
1!
1-
#8888
0!
0-
#8890
1!
1-
#8892
0!
1"
1%
1'
0-
1.
11
13
#8894
1!
1-
#8896
0!
0-
#8898
1!
1-
#8900
0!
0-
#8902
1!
1-
#8904
0!
0"
0%
0-
0.
01
b0000000000000101 7
b0101 8
#8906
1!
1-
#8908
0!
0-
#8910
1!
1-
#8912
0!
0-
#8914
1!
1-
#8916
0!
1"
1%
0'
0-
1.
11
03
#8918
1!
1-
#8920
0!
0-
#8922
1!
1-
#8924
0!
0-
#8926
1!
1-
#8928
0!
0"
0%
0-
0.
01
b0000000000001010 7
b0110 8
#8930
1!
1-
#8932
0!
0-
#8934
1!
1-
#8936
0!
0-
#8938
1!
1-
#8940
0!
1"
1%
1'
0-
1.
11
13
#8942
1!
1-
#8944
0!
0-
#8946
1!
1-
#8948
0!
0-
#8950
1!
1-
#8952
0!
0"
0%
0-
0.
01
b0000000000010101 7
b0111 8
#8954
1!
1-
#8956
0!
0-
#8958
1!
1-
#8960
0!
0-
#8962
1!
1-
#8964
0!
1"
1%
0'
0-
1.
11
03
#8966
1!
1-
#8968
0!
0-
#8970
1!
1-
#8972
0!
0-
#8974
1!
1-
#8976
0!
0"
0%
0-
0.
01
b0000000000101010 7
b1000 8
#8978
1!
1-
#8980
0!
0-
#8982
1!
1-
#8984
0!
0-
#8986
1!
1-
#8988
0!
1"
1%
1'
0-
1.
11
13
#8990
1!
1-
#8992
0!
0-
#8994
1!
1-
#8996
0!
0-
#8998
1!
1-
#9000
0!
0"
0#
0%
0-
0.
0/
01
b0000000001010101 7
b1001 8
#9002
1!
1-
#9004
0!
0-
#9006
1!
1-
#9008
0!
0-
#9010
1!
1-
#9012
0!
1"
1%
0-
1.
11
b10 <
#9014
1!
1-
#9016
0!
0-
#9018
1!
1-
#9020
0!
0-
#9022
1!
1-
#9024
0!
0"
0%
0-
0.
01
b0000000010101011 7
b1010 8
#9026
1!
1-
#9028
0!
0-
#9030
1!
1-
#9032
0!
0-
#9034
1!
1-
#9036
0!
1"
1%
0-
1.
11
b00 <
#9038
1!
1-
#9040
0!
0-
#9042
1!
1-
#9044
0!
0-
#9046
1!
1-
#9048
0!
0"
0%
0-
0.
01
b0000000101010111 7
b1011 8
#9050
1!
1-
#9052
0!
0-
#9054
1!
1-
#9056
0!
0-
#9058
1!
1-
#9060
0!
1"
1%
0'
0-
1.
11
03
#9062
1!
1-
#9064
0!
0-
#9066
1!
1-
#9068
0!
0-
#9070
1!
1-
#9072
0!
0"
0%
0-
0.
01
b0000001010101110 7
b1100 8
#9074
1!
1-
#9076
0!
0-
#9078
1!
1-
#9080
0!
0-
#9082
1!
1-
#9084
0!
1"
1%
1'
0-
1.
11
13
#9086
1!
1-
#9088
0!
0-
#9090
1!
1-
#9092
0!
0-
#9094
1!
1-
#9096
0!
0"
0%
0-
0.
01
b0000010101011101 7
b1101 8
#9098
1!
1-
#9100
0!
0-
#9102
1!
1-
#9104
0!
0-
#9106
1!
1-
#9108
0!
1"
1%
0-
1.
11
#9110
1!
1-
#9112
0!
0-
#9114
1!
1-
#9116
0!
0-
#9118
1!
1-
#9120
0!
0"
0%
0-
0.
01
b0000101010111011 7
b1110 8
#9122
1!
1-
#9124
0!
0-
#9126
1!
1-
#9128
0!
0-
#9130
1!
1-
#9132
0!
1"
1%
0'
0-
1.
11
03
#9134
1!
1-
#9136
0!
0-
#9138
1!
1-
#9140
0!
0-
#9142
1!
1-
#9144
0!
0"
0%
0-
0.
01
b0001010101110110 7
b1111 8
#9146
1!
1-
#9148
0!
0-
#9150
1!
1-
#9152
0!
0-
#9154
1!
1-
#9156
0!
1"
1%
b0010101011110000 +
0-
1.
11
#9158
1!
1-
#9160
0!
0-
#9162
1!
1-
#9164
0!
0-
#9166
1!
1-
#9168
0!
0"
0%
0-
0.
01
b0010101011101100 7
b0000 8
b010 ?
#9170
1!
1-
#9172
0!
0-
#9174
1!
1-
#9176
0!
0-
#9178
1!
1-
#9180
0!
1"
1%
0-
1.
11
#9182
1!
1-
#9184
0!
0-
#9186
1!
1-
#9188
0!
0-
#9190
1!
1-
#9192
0!
0"
0%
1&
0-
0.
01
12
0;
b000 ?
#9194
1!
1-
b10 =
1>
#9196
0!
0-
#9198
1!
b0000101010111011 (
1-
b0000101010111011 4
b00 =
0>
b0000101010111011 @
0A
#9200
0!
0-
#9202
1!
1)
1-
15
1A
#9204
0!
1"
0-
1.
#9206
1!
0)
1-
05
#9208
0!
0-
#9210
1!
1-
#9212
0!
0-
#9214
1!
1-
#9216
0!
0"
0-
0.
#9218
1!
1-
#9220
0!
0-
#9222
1!
1-
#9224
0!
0-
#9226
1!
1-
#9228
0!
1"
0-
1.
#9230
1!
1-
#9232
0!
0-
#9234
1!
1-
#9236
0!
0-
#9238
1!
1-
#9240
0!
0"
0-
0.
#9242
1!
1-
#9244
0!
0-
#9246
1!
1-
#9248
0!
0-
#9250
1!
1#
1-
1/
#9252
0!
1"
0-
1.
1:
b01 <
#9254
1!
1-
#9256
0!
0-
#9258
1!
1-
#9260
0!
0-
#9262
1!
1-
#9264
0!
0"
0&
0-
0.
02
b0000000000000000 7
1;
b001 ?
#9266
1!
1-
b01 =
#9268
0!
0-
#9270
1!
1-
b11 =
#9272
0!
0-
#9274
1!
1-
#9276
0!
1"
1%
0-
1.
11
0:
b11 <
#9278
1!
1-
#9280
0!
0-
#9282
1!
1-
#9284
0!
0-
#9286
1!
1-
#9288
0!
0"
0%
0-
0.
01
b0001 8
#9290
1!
1-
#9292
0!
0-
#9294
1!
1-
#9296
0!
0-
#9298
1!
1-
#9300
0!
1"
1%
0-
1.
11
#9302
1!
1-
#9304
0!
0-
#9306
1!
1-
#9308
0!
0-
#9310
1!
1-
#9312
0!
0"
0%
0-
0.
01
b0010 8
#9314
1!
1-
#9316
0!
0-
#9318
1!
1-
#9320
0!
0-
#9322
1!
1-
#9324
0!
1"
1%
1'
0-
1.
11
13
#9326
1!
1-
#9328
0!
0-
#9330
1!
1-
#9332
0!
0-
#9334
1!
1-
#9336
0!
0"
0%
0-
0.
01
b0000000000000001 7
b0011 8
#9338
1!
1-
#9340
0!
0-
#9342
1!
1-
#9344
0!
0-
#9346
1!
1-
#9348
0!
1"
1%
0'
0-
1.
11
03
#9350
1!
1-
#9352
0!
0-
#9354
1!
1-
#9356
0!
0-
#9358
1!
1-
#9360
0!
0"
0%
0-
0.
01
b0000000000000010 7
b0100 8
#9362
1!
1-
#9364
0!
0-
#9366
1!
1-
#9368
0!
0-
#9370
1!
1-
#9372
0!
1"
1%
1'
0-
1.
11
13
#9374
1!
1-
#9376
0!
0-
#9378
1!
1-
#9380
0!
0-
#9382
1!
1-
#9384
0!
0"
0%
0-
0.
01
b0000000000000101 7
b0101 8
#9386
1!
1-
#9388
0!
0-
#9390
1!
1-
#9392
0!
0-
#9394
1!
1-
#9396
0!
1"
1%
0'
0-
1.
11
03
#9398
1!
1-
#9400
0!
0-
#9402
1!
1-
#9404
0!
0-
#9406
1!
1-
#9408
0!
0"
0%
0-
0.
01
b0000000000001010 7
b0110 8
#9410
1!
1-
#9412
0!
0-
#9414
1!
1-
#9416
0!
0-
#9418
1!
1-
#9420
0!
1"
1%
1'
0-
1.
11
13
#9422
1!
1-
#9424
0!
0-
#9426
1!
1-
#9428
0!
0-
#9430
1!
1-
#9432
0!
0"
0%
0-
0.
01
b0000000000010101 7
b0111 8
#9434
1!
1-
#9436
0!
0-
#9438
1!
1-
#9440
0!
0-
#9442
1!
1-
#9444
0!
1"
1%
0'
0-
1.
11
03
#9446
1!
1-
#9448
0!
0-
#9450
1!
1-
#9452
0!
0-
#9454
1!
1-
#9456
0!
0"
0%
0-
0.
01
b0000000000101010 7
b1000 8
#9458
1!
1-
#9460
0!
0-
#9462
1!
1-
#9464
0!
0-
#9466
1!
1-
#9468
0!
1"
1%
1'
0-
1.
11
13
#9470
1!
1-
#9472
0!
0-
#9474
1!
1-
#9476
0!
0-
#9478
1!
1-
#9480
0!
0"
0%
0-
0.
01
b0000000001010101 7
b1001 8
#9482
1!
1-
#9484
0!
0-
#9486
1!
1-
#9488
0!
0-
#9490
1!
1-
#9492
0!
1"
1%
0-
1.
11
#9494
1!
1-
#9496
0!
0-
#9498
1!
1-
#9500
0!
0#
0-
0/
#9502
1!
1-
#9504
0!
0"
0%
0-
0.
01
b0000000010101011 7
b1010 8
#9506
1!
1-
#9508
0!
0-
#9510
1!
1-
#9512
0!
0-
#9514
1!
1-
#9516
0!
1"
1%
0-
1.
11
b10 <
#9518
1!
1-
#9520
0!
0-
#9522
1!
1-
#9524
0!
0-
#9526
1!
1-
#9528
0!
0"
0%
0-
0.
01
b0000000101010111 7
b1011 8
#9530
1!
1-
#9532
0!
0-
#9534
1!
1-
#9536
0!
0-
#9538
1!
1-
#9540
0!
1"
1%
0-
1.
11
b00 <
#9542
1!
1-
#9544
0!
0-
#9546
1!
1-
#9548
0!
0-
#9550
1!
1-
#9552
0!
0"
0%
0-
0.
01
b0000001010101111 7
b1100 8
#9554
1!
1-
#9556
0!
0-
#9558
1!
1-
#9560
0!
0-
#9562
1!
1-
#9564
0!
1"
1%
0'
0-
1.
11
03
#9566
1!
1-
#9568
0!
0-
#9570
1!
1-
#9572
0!
0-
#9574
1!
1-
#9576
0!
0"
0%
0-
0.
01
b0000010101011110 7
b1101 8
#9578
1!
1-
#9580
0!
0-
#9582
1!
1-
#9584
0!
0-
#9586
1!
1-
#9588
0!
1"
1%
0-
1.
11
#9590
1!
1-
#9592
0!
0-
#9594
1!
1-
#9596
0!
0-
#9598
1!
1-
#9600
0!
0"
0%
0-
0.
01
b0000101010111100 7
b1110 8
#9602
1!
1-
#9604
0!
0-
#9606
1!
1-
#9608
0!
0-
#9610
1!
1-
#9612
0!
1"
1%
0-
1.
11
#9614
1!
1-
#9616
0!
0-
#9618
1!
1-
#9620
0!
0-
#9622
1!
1-
#9624
0!
0"
0%
0-
0.
01
b0001010101111000 7
b1111 8
#9626
1!
1-
#9628
0!
0-
#9630
1!
1-
#9632
0!
0-
#9634
1!
1-
#9636
0!
1"
1%
b0010101011110100 +
0-
1.
11
#9638
1!
1-
#9640
0!
0-
#9642
1!
1-
#9644
0!
0-
#9646
1!
1-
#9648
0!
0"
0%
0-
0.
01
b0010101011110000 7
b0000 8
b010 ?
#9650
1!
1-
#9652
0!
0-
#9654
1!
1-
#9656
0!
0-
#9658
1!
1-
#9660
0!
1"
1%
0-
1.
11
#9662
1!
1-
#9664
0!
0-
#9666
1!
1-
#9668
0!
0-
#9670
1!
1-
#9672
0!
0"
0%
1&
0-
0.
01
12
0;
b000 ?
#9674
1!
1-
b10 =
1>
#9676
0!
0-
#9678
1!
b0000101010111100 (
1-
b0000101010111100 4
b00 =
0>
b0000101010111100 @
0A
#9680
0!
0-
#9682
1!
1)
1-
15
1A
#9684
0!
1"
0-
1.
#9686
1!
0)
1-
05
#9688
0!
0-
#9690
1!
1-
#9692
0!
0-
#9694
1!
1-
#9696
0!
0"
0-
0.
#9698
1!
1-
#9700
0!
0-
#9702
1!
1-
#9704
0!
0-
#9706
1!
1-
#9708
0!
1"
0-
1.
#9710
1!
1-
#9712
0!
0-
#9714
1!
1-
#9716
0!
0-
#9718
1!
1-
#9720
0!
0"
0-
0.
#9722
1!
1-
#9724
0!
0-
#9726
1!
1-
#9728
0!
0-
#9730
1!
1-
#9732
0!
1"
0-
1.
#9734
1!
1-
#9736
0!
0-
#9738
1!
1-
#9740
0!
0-
#9742
1!
1-
#9744
0!
0"
0-
0.
#9746
1!
1-
#9748
0!
0-
#9750
1!
1#
1-
1/
#9752
0!
0-
#9754
1!
1-
#9756
0!
1"
0-
1.
1:
b01 <
#9758
1!
1-
#9760
0!
0-
#9762
1!
1-
#9764
0!
0-
#9766
1!
1-
#9768
0!
0"
0&
0-
0.
02
b0000000000000000 7
1;
b001 ?
#9770
1!
1-
b01 =
#9772
0!
0-
#9774
1!
1-
b11 =
#9776
0!
0-
#9778
1!
1-
#9780
0!
1"
1%
0-
1.
11
0:
b11 <
#9782
1!
1-
#9784
0!
0-
#9786
1!
1-
#9788
0!
0-
#9790
1!
1-
#9792
0!
0"
0%
0-
0.
01
b0001 8
#9794
1!
1-
#9796
0!
0-
#9798
1!
1-
#9800
0!
0-
#9802
1!
1-
#9804
0!
1"
1%
0-
1.
11
#9806
1!
1-
#9808
0!
0-
#9810
1!
1-
#9812
0!
0-
#9814
1!
1-
#9816
0!
0"
0%
0-
0.
01
b0010 8
#9818
1!
1-
#9820
0!
0-
#9822
1!
1-
#9824
0!
0-
#9826
1!
1-
#9828
0!
1"
1%
1'
0-
1.
11
13
#9830
1!
1-
#9832
0!
0-
#9834
1!
1-
#9836
0!
0-
#9838
1!
1-
#9840
0!
0"
0%
0-
0.
01
b0000000000000001 7
b0011 8
#9842
1!
1-
#9844
0!
0-
#9846
1!
1-
#9848
0!
0-
#9850
1!
1-
#9852
0!
1"
1%
0'
0-
1.
11
03
#9854
1!
1-
#9856
0!
0-
#9858
1!
1-
#9860
0!
0-
#9862
1!
1-
#9864
0!
0"
0%
0-
0.
01
b0000000000000010 7
b0100 8
#9866
1!
1-
#9868
0!
0-
#9870
1!
1-
#9872
0!
0-
#9874
1!
1-
#9876
0!
1"
1%
1'
0-
1.
11
13
#9878
1!
1-
#9880
0!
0-
#9882
1!
1-
#9884
0!
0-
#9886
1!
1-
#9888
0!
0"
0%
0-
0.
01
b0000000000000101 7
b0101 8
#9890
1!
1-
#9892
0!
0-
#9894
1!
1-
#9896
0!
0-
#9898
1!
1-
#9900
0!
1"
1%
0'
0-
1.
11
03
#9902
1!
1-
#9904
0!
0-
#9906
1!
1-
#9908
0!
0-
#9910
1!
1-
#9912
0!
0"
0%
0-
0.
01
b0000000000001010 7
b0110 8
#9914
1!
1-
#9916
0!
0-
#9918
1!
1-
#9920
0!
0-
#9922
1!
1-
#9924
0!
1"
1%
1'
0-
1.
11
13
#9926
1!
1-
#9928
0!
0-
#9930
1!
1-
#9932
0!
0-
#9934
1!
1-
#9936
0!
0"
0%
0-
0.
01
b0000000000010101 7
b0111 8
#9938
1!
1-
#9940
0!
0-
#9942
1!
1-
#9944
0!
0-
#9946
1!
1-
#9948
0!
1"
1%
0'
0-
1.
11
03
#9950
1!
1-
#9952
0!
0-
#9954
1!
1-
#9956
0!
0-
#9958
1!
1-
#9960
0!
0"
0%
0-
0.
01
b0000000000101010 7
b1000 8
#9962
1!
1-
#9964
0!
0-
#9966
1!
1-
#9968
0!
0-
#9970
1!
1-
#9972
0!
1"
1%
1'
0-
1.
11
13
#9974
1!
1-
#9976
0!
0-
#9978
1!
1-
#9980
0!
0-
#9982
1!
1-
#9984
0!
0"
0%
0-
0.
01
b0000000001010101 7
b1001 8
#9986
1!
1-
#9988
0!
0-
#9990
1!
1-
#9992
0!
0-
#9994
1!
1-
#9996
0!
1"
1%
0-
1.
11
#9998
1!
1-
#10000
0!
0#
0-
0/
#10002
1!
1-
#10004
0!
0-
#10006
1!
1-
#10008
0!
0"
0%
0-
0.
01
b0000000010101011 7
b1010 8
#10010
1!
1-
#10012
0!
0-
#10014
1!
1-
#10016
0!
0-
#10018
1!
1-
#10020
0!
1"
1%
0-
1.
11
b10 <
#10022
1!
1-
#10024
0!
0-
#10026
1!
1-
#10028
0!
0-
#10030
1!
1-
#10032
0!
0"
0%
0-
0.
01
b0000000101010111 7
b1011 8
#10034
1!
1-
#10036
0!
0-
#10038
1!
1-
#10040
0!
0-
#10042
1!
1-
#10044
0!
1"
1%
0-
1.
11
b00 <
#10046
1!
1-
#10048
0!
0-
#10050
1!
1-
#10052
0!
0-
#10054
1!
1-
#10056
0!
0"
0%
0-
0.
01
b0000001010101111 7
b1100 8
#10058
1!
1-
#10060
0!
0-
#10062
1!
1-
#10064
0!
0-
#10066
1!
1-
#10068
0!
1"
1%
0'
0-
1.
11
03
#10070
1!
1-
#10072
0!
0-
#10074
1!
1-
#10076
0!
0-
#10078
1!
1-
#10080
0!
0"
0%
0-
0.
01
b0000010101011110 7
b1101 8
#10082
1!
1-
#10084
0!
0-
#10086
1!
1-
#10088
0!
0-
#10090
1!
1-
#10092
0!
1"
1%
1'
0-
1.
11
13
#10094
1!
1-
#10096
0!
0-
#10098
1!
1-
#10100
0!
0-
#10102
1!
1-
#10104
0!
0"
0%
0-
0.
01
b0000101010111101 7
b1110 8
#10106
1!
1-
#10108
0!
0-
#10110
1!
1-
#10112
0!
0-
#10114
1!
1-
#10116
0!
1"
1%
0'
0-
1.
11
03
#10118
1!
1-
#10120
0!
0-
#10122
1!
1-
#10124
0!
0-
#10126
1!
1-
#10128
0!
0"
0%
0-
0.
01
b0001010101111010 7
b1111 8
#10130
1!
1-
#10132
0!
0-
#10134
1!
1-
#10136
0!
0-
#10138
1!
1-
#10140
0!
1"
1%
b0010101011111000 +
0-
1.
11
#10142
1!
1-
#10144
0!
0-
#10146
1!
1-
#10148
0!
0-
#10150
1!
1-
#10152
0!
0"
0%
0-
0.
01
b0010101011110100 7
b0000 8
b010 ?
#10154
1!
1-
#10156
0!
0-
#10158
1!
1-
#10160
0!
0-
#10162
1!
1-
#10164
0!
1"
1%
0-
1.
11
#10166
1!
1-
#10168
0!
0-
#10170
1!
1-
#10172
0!
0-
#10174
1!
1-
#10176
0!
0"
0%
1&
0-
0.
01
12
0;
b000 ?
#10178
1!
1-
b10 =
1>
#10180
0!
0-
#10182
1!
b0000101010111101 (
1-
b0000101010111101 4
b00 =
0>
b0000101010111101 @
0A
#10184
0!
0-
#10186
1!
1)
1-
15
1A
#10188
0!
1"
0-
1.
#10190
1!
0)
1-
05
#10192
0!
0-
#10194
1!
1-
#10196
0!
0-
#10198
1!
1-
#10200
0!
0"
0-
0.
#10202
1!
1-
#10204
0!
0-
#10206
1!
1-
#10208
0!
0-
#10210
1!
1-
#10212
0!
1"
0-
1.
#10214
1!
1-
#10216
0!
0-
#10218
1!
1-
#10220
0!
0-
#10222
1!
1-
#10224
0!
0"
0-
0.
#10226
1!
1-
#10228
0!
0-
#10230
1!
1-
#10232
0!
0-
#10234
1!
1-
#10236
0!
1"
0-
1.
#10238
1!
1-
#10240
0!
0-
#10242
1!
1-
#10244
0!
0-
#10246
1!
1-
#10248
0!
0"
0-
0.
#10250
1!
1#
1-
1/
#10252
0!
0-
#10254
1!
1-
#10256
0!
0-
#10258
1!
1-
#10260
0!
1"
0-
1.
1:
b01 <
#10262
1!
1-
#10264
0!
0-
#10266
1!
1-
#10268
0!
0-
#10270
1!
1-
#10272
0!
0"
0&
0-
0.
02
b0000000000000000 7
1;
b001 ?
#10274
1!
1-
b01 =
#10276
0!
0-
#10278
1!
1-
b11 =
#10280
0!
0-
#10282
1!
1-
#10284
0!
1"
1%
0-
1.
11
0:
b11 <
#10286
1!
1-
#10288
0!
0-
#10290
1!
1-
#10292
0!
0-
#10294
1!
1-
#10296
0!
0"
0%
0-
0.
01
b0001 8
#10298
1!
1-
#10300
0!
0-
#10302
1!
1-
#10304
0!
0-
#10306
1!
1-
#10308
0!
1"
1%
0-
1.
11
#10310
1!
1-
#10312
0!
0-
#10314
1!
1-
#10316
0!
0-
#10318
1!
1-
#10320
0!
0"
0%
0-
0.
01
b0010 8
#10322
1!
1-
#10324
0!
0-
#10326
1!
1-
#10328
0!
0-
#10330
1!
1-
#10332
0!
1"
1%
1'
0-
1.
11
13
#10334
1!
1-
#10336
0!
0-
#10338
1!
1-
#10340
0!
0-
#10342
1!
1-
#10344
0!
0"
0%
0-
0.
01
b0000000000000001 7
b0011 8
#10346
1!
1-
#10348
0!
0-
#10350
1!
1-
#10352
0!
0-
#10354
1!
1-
#10356
0!
1"
1%
0'
0-
1.
11
03
#10358
1!
1-
#10360
0!
0-
#10362
1!
1-
#10364
0!
0-
#10366
1!
1-
#10368
0!
0"
0%
0-
0.
01
b0000000000000010 7
b0100 8
#10370
1!
1-
#10372
0!
0-
#10374
1!
1-
#10376
0!
0-
#10378
1!
1-
#10380
0!
1"
1%
1'
0-
1.
11
13
#10382
1!
1-
#10384
0!
0-
#10386
1!
1-
#10388
0!
0-
#10390
1!
1-
#10392
0!
0"
0%
0-
0.
01
b0000000000000101 7
b0101 8
#10394
1!
1-
#10396
0!
0-
#10398
1!
1-
#10400
0!
0-
#10402
1!
1-
#10404
0!
1"
1%
0'
0-
1.
11
03
#10406
1!
1-
#10408
0!
0-
#10410
1!
1-
#10412
0!
0-
#10414
1!
1-
#10416
0!
0"
0%
0-
0.
01
b0000000000001010 7
b0110 8
#10418
1!
1-
#10420
0!
0-
#10422
1!
1-
#10424
0!
0-
#10426
1!
1-
#10428
0!
1"
1%
1'
0-
1.
11
13
#10430
1!
1-
#10432
0!
0-
#10434
1!
1-
#10436
0!
0-
#10438
1!
1-
#10440
0!
0"
0%
0-
0.
01
b0000000000010101 7
b0111 8
#10442
1!
1-
#10444
0!
0-
#10446
1!
1-
#10448
0!
0-
#10450
1!
1-
#10452
0!
1"
1%
0'
0-
1.
11
03
#10454
1!
1-
#10456
0!
0-
#10458
1!
1-
#10460
0!
0-
#10462
1!
1-
#10464
0!
0"
0%
0-
0.
01
b0000000000101010 7
b1000 8
#10466
1!
1-
#10468
0!
0-
#10470
1!
1-
#10472
0!
0-
#10474
1!
1-
#10476
0!
1"
1%
1'
0-
1.
11
13
#10478
1!
1-
#10480
0!
0-
#10482
1!
1-
#10484
0!
0-
#10486
1!
1-
#10488
0!
0"
0%
0-
0.
01
b0000000001010101 7
b1001 8
#10490
1!
1-
#10492
0!
0-
#10494
1!
1-
#10496
0!
0-
#10498
1!
1-
#10500
0!
1"
0#
1%
0-
1.
0/
11
b10 <
#10502
1!
1-
#10504
0!
0-
#10506
1!
1-
#10508
0!
0-
#10510
1!
1-
#10512
0!
0"
0%
0-
0.
01
b0000000010101011 7
b1010 8
#10514
1!
1-
#10516
0!
0-
#10518
1!
1-
#10520
0!
0-
#10522
1!
1-
#10524
0!
1"
1%
0-
1.
11
b00 <
#10526
1!
1-
#10528
0!
0-
#10530
1!
1-
#10532
0!
0-
#10534
1!
1-
#10536
0!
0"
0%
0-
0.
01
b0000000101010111 7
b1011 8
#10538
1!
1-
#10540
0!
0-
#10542
1!
1-
#10544
0!
0-
#10546
1!
1-
#10548
0!
1"
1%
0-
1.
11
#10550
1!
1-
#10552
0!
0-
#10554
1!
1-
#10556
0!
0-
#10558
1!
1-
#10560
0!
0"
0%
0-
0.
01
b0000001010101111 7
b1100 8
#10562
1!
1-
#10564
0!
0-
#10566
1!
1-
#10568
0!
0-
#10570
1!
1-
#10572
0!
1"
1%
0-
1.
11
#10574
1!
1-
#10576
0!
0-
#10578
1!
1-
#10580
0!
0-
#10582
1!
1-
#10584
0!
0"
0%
0-
0.
01
b0000010101011111 7
b1101 8
#10586
1!
1-
#10588
0!
0-
#10590
1!
1-
#10592
0!
0-
#10594
1!
1-
#10596
0!
1"
1%
0'
0-
1.
11
03
#10598
1!
1-
#10600
0!
0-
#10602
1!
1-
#10604
0!
0-
#10606
1!
1-
#10608
0!
0"
0%
0-
0.
01
b0000101010111110 7
b1110 8
#10610
1!
1-
#10612
0!
0-
#10614
1!
1-
#10616
0!
0-
#10618
1!
1-
#10620
0!
1"
1%
0-
1.
11
#10622
1!
1-
#10624
0!
0-
#10626
1!
1-
#10628
0!
0-
#10630
1!
1-
#10632
0!
0"
0%
0-
0.
01
b0001010101111100 7
b1111 8
#10634
1!
1-
#10636
0!
0-
#10638
1!
1-
#10640
0!
0-
#10642
1!
1-
#10644
0!
1"
1%
b0010101011111100 +
0-
1.
11
#10646
1!
1-
#10648
0!
0-
#10650
1!
1-
#10652
0!
0-
#10654
1!
1-
#10656
0!
0"
0%
0-
0.
01
b0010101011111000 7
b0000 8
b010 ?
#10658
1!
1-
#10660
0!
0-
#10662
1!
1-
#10664
0!
0-
#10666
1!
1-
#10668
0!
1"
1%
0-
1.
11
#10670
1!
1-
#10672
0!
0-
#10674
1!
1-
#10676
0!
0-
#10678
1!
1-
#10680
0!
0"
0%
1&
0-
0.
01
12
0;
b000 ?
#10682
1!
1-
b10 =
1>
#10684
0!
0-
#10686
1!
b0000101010111110 (
1-
b0000101010111110 4
b00 =
0>
b0000101010111110 @
0A
#10688
0!
0-
#10690
1!
1)
1-
15
1A
#10692
0!
1"
0-
1.
#10694
1!
0)
1-
05
#10696
0!
0-
#10698
1!
1-
#10700
0!
0-
#10702
1!
1-
#10704
0!
0"
0-
0.
#10706
1!
1-
#10708
0!
0-
#10710
1!
1-
#10712
0!
0-
#10714
1!
1-
#10716
0!
1"
0-
1.
#10718
1!
1-
#10720
0!
0-
#10722
1!
1-
#10724
0!
0-
#10726
1!
1-
#10728
0!
0"
0-
0.
#10730
1!
1-
#10732
0!
0-
#10734
1!
1-
#10736
0!
0-
#10738
1!
1-
#10740
0!
1"
0-
1.
#10742
1!
1-
#10744
0!
0-
#10746
1!
1-
#10748
0!
0-
#10750
1!
1#
1-
1/
#10752
0!
0"
0-
0.
#10754
1!
1-
#10756
0!
0-
#10758
1!
1-
#10760
0!
0-
#10762
1!
1-
#10764
0!
1"
0-
1.
1:
b01 <
#10766
1!
1-
#10768
0!
0-
#10770
1!
1-
#10772
0!
0-
#10774
1!
1-
#10776
0!
0"
0&
0-
0.
02
b0000000000000000 7
1;
b001 ?
#10778
1!
1-
b01 =
#10780
0!
0-
#10782
1!
1-
b11 =
#10784
0!
0-
#10786
1!
1-
#10788
0!
1"
1%
0-
1.
11
0:
b11 <
#10790
1!
1-
#10792
0!
0-
#10794
1!
1-
#10796
0!
0-
#10798
1!
1-
#10800
0!
0"
0%
0-
0.
01
b0001 8
#10802
1!
1-
#10804
0!
0-
#10806
1!
1-
#10808
0!
0-
#10810
1!
1-
#10812
0!
1"
1%
0-
1.
11
#10814
1!
1-
#10816
0!
0-
#10818
1!
1-
#10820
0!
0-
#10822
1!
1-
#10824
0!
0"
0%
0-
0.
01
b0010 8
#10826
1!
1-
#10828
0!
0-
#10830
1!
1-
#10832
0!
0-
#10834
1!
1-
#10836
0!
1"
1%
1'
0-
1.
11
13
#10838
1!
1-
#10840
0!
0-
#10842
1!
1-
#10844
0!
0-
#10846
1!
1-
#10848
0!
0"
0%
0-
0.
01
b0000000000000001 7
b0011 8
#10850
1!
1-
#10852
0!
0-
#10854
1!
1-
#10856
0!
0-
#10858
1!
1-
#10860
0!
1"
1%
0'
0-
1.
11
03
#10862
1!
1-
#10864
0!
0-
#10866
1!
1-
#10868
0!
0-
#10870
1!
1-
#10872
0!
0"
0%
0-
0.
01
b0000000000000010 7
b0100 8
#10874
1!
1-
#10876
0!
0-
#10878
1!
1-
#10880
0!
0-
#10882
1!
1-
#10884
0!
1"
1%
1'
0-
1.
11
13
#10886
1!
1-
#10888
0!
0-
#10890
1!
1-
#10892
0!
0-
#10894
1!
1-
#10896
0!
0"
0%
0-
0.
01
b0000000000000101 7
b0101 8
#10898
1!
1-
#10900
0!
0-
#10902
1!
1-
#10904
0!
0-
#10906
1!
1-
#10908
0!
1"
1%
0'
0-
1.
11
03
#10910
1!
1-
#10912
0!
0-
#10914
1!
1-
#10916
0!
0-
#10918
1!
1-
#10920
0!
0"
0%
0-
0.
01
b0000000000001010 7
b0110 8
#10922
1!
1-
#10924
0!
0-
#10926
1!
1-
#10928
0!
0-
#10930
1!
1-
#10932
0!
1"
1%
1'
0-
1.
11
13
#10934
1!
1-
#10936
0!
0-
#10938
1!
1-
#10940
0!
0-
#10942
1!
1-
#10944
0!
0"
0%
0-
0.
01
b0000000000010101 7
b0111 8
#10946
1!
1-
#10948
0!
0-
#10950
1!
1-
#10952
0!
0-
#10954
1!
1-
#10956
0!
1"
1%
0'
0-
1.
11
03
#10958
1!
1-
#10960
0!
0-
#10962
1!
1-
#10964
0!
0-
#10966
1!
1-
#10968
0!
0"
0%
0-
0.
01
b0000000000101010 7
b1000 8
#10970
1!
1-
#10972
0!
0-
#10974
1!
1-
#10976
0!
0-
#10978
1!
1-
#10980
0!
1"
1%
1'
0-
1.
11
13
#10982
1!
1-
#10984
0!
0-
#10986
1!
1-
#10988
0!
0-
#10990
1!
1-
#10992
0!
0"
0%
0-
0.
01
b0000000001010101 7
b1001 8
#10994
1!
1-
#10996
0!
0-
#10998
1!
1-
#11000
0!
0#
0-
0/
#11002
1!
1-
#11004
0!
1"
1%
0-
1.
11
b10 <
#11006
1!
1-
#11008
0!
0-
#11010
1!
1-
#11012
0!
0-
#11014
1!
1-
#11016
0!
0"
0%
0-
0.
01
b0000000010101011 7
b1010 8
#11018
1!
1-
#11020
0!
0-
#11022
1!
1-
#11024
0!
0-
#11026
1!
1-
#11028
0!
1"
1%
0-
1.
11
b00 <
#11030
1!
1-
#11032
0!
0-
#11034
1!
1-
#11036
0!
0-
#11038
1!
1-
#11040
0!
0"
0%
0-
0.
01
b0000000101010111 7
b1011 8
#11042
1!
1-
#11044
0!
0-
#11046
1!
1-
#11048
0!
0-
#11050
1!
1-
#11052
0!
1"
1%
0-
1.
11
#11054
1!
1-
#11056
0!
0-
#11058
1!
1-
#11060
0!
0-
#11062
1!
1-
#11064
0!
0"
0%
0-
0.
01
b0000001010101111 7
b1100 8
#11066
1!
1-
#11068
0!
0-
#11070
1!
1-
#11072
0!
0-
#11074
1!
1-
#11076
0!
1"
1%
0-
1.
11
#11078
1!
1-
#11080
0!
0-
#11082
1!
1-
#11084
0!
0-
#11086
1!
1-
#11088
0!
0"
0%
0-
0.
01
b0000010101011111 7
b1101 8
#11090
1!
1-
#11092
0!
0-
#11094
1!
1-
#11096
0!
0-
#11098
1!
1-
#11100
0!
1"
1%
0-
1.
11
#11102
1!
1-
#11104
0!
0-
#11106
1!
1-
#11108
0!
0-
#11110
1!
1-
#11112
0!
0"
0%
0-
0.
01
b0000101010111111 7
b1110 8
#11114
1!
1-
#11116
0!
0-
#11118
1!
1-
#11120
0!
0-
#11122
1!
1-
#11124
0!
1"
1%
0'
0-
1.
11
03
#11126
1!
1-
#11128
0!
0-
#11130
1!
1-
#11132
0!
0-
#11134
1!
1-
#11136
0!
0"
0%
0-
0.
01
b0001010101111110 7
b1111 8
#11138
1!
1-
#11140
0!
0-
#11142
1!
1-
#11144
0!
0-
#11146
1!
1-
#11148
0!
1"
1%
b0010101100000000 +
0-
1.
11
#11150
1!
1-
#11152
0!
0-
#11154
1!
1-
#11156
0!
0-
#11158
1!
1-
#11160
0!
0"
0%
0-
0.
01
b0010101011111100 7
b0000 8
b010 ?
#11162
1!
1-
#11164
0!
0-
#11166
1!
1-
#11168
0!
0-
#11170
1!
1-
#11172
0!
1"
1%
0-
1.
11
#11174
1!
1-
#11176
0!
0-
#11178
1!
1-
#11180
0!
0-
#11182
1!
1-
#11184
0!
0"
0%
1&
0-
0.
01
12
0;
b000 ?
#11186
1!
1-
b10 =
1>
#11188
0!
0-
#11190
1!
b0000101010111111 (
1-
b0000101010111111 4
b00 =
0>
b0000101010111111 @
0A
#11192
0!
0-
#11194
1!
1)
1-
15
1A
#11196
0!
1"
0-
1.
#11198
1!
0)
1-
05
#11200
0!
0-
#11202
1!
1-
#11204
0!
0-
#11206
1!
1-
#11208
0!
0"
0-
0.
#11210
1!
1-
#11212
0!
0-
#11214
1!
1-
#11216
0!
0-
#11218
1!
1-
#11220
0!
1"
0-
1.
#11222
1!
1-
#11224
0!
0-
#11226
1!
1-
#11228
0!
0-
#11230
1!
1-
#11232
0!
0"
0-
0.
#11234
1!
1-
#11236
0!
0-
#11238
1!
1-
#11240
0!
0-
#11242
1!
1-
#11244
0!
1"
0-
1.
#11246
1!
1-
#11248
0!
0-
#11250
1!
1#
1-
1/
#11252
0!
0-
#11254
1!
1-
#11256
0!
0"
0-
0.
#11258
1!
1-
#11260
0!
0-
#11262
1!
1-
#11264
0!
0-
#11266
1!
1-
#11268
0!
1"
0-
1.
1:
b01 <
#11270
1!
1-
#11272
0!
0-
#11274
1!
1-
#11276
0!
0-
#11278
1!
1-
#11280
0!
0"
0&
0-
0.
02
b0000000000000000 7
1;
b001 ?
#11282
1!
1-
b01 =
#11284
0!
0-
#11286
1!
1-
b11 =
#11288
0!
0-
#11290
1!
1-
#11292
0!
1"
1%
0-
1.
11
0:
b11 <
#11294
1!
1-
#11296
0!
0-
#11298
1!
1-
#11300
0!
0-
#11302
1!
1-
#11304
0!
0"
0%
0-
0.
01
b0001 8
#11306
1!
1-
#11308
0!
0-
#11310
1!
1-
#11312
0!
0-
#11314
1!
1-
#11316
0!
1"
1%
0-
1.
11
#11318
1!
1-
#11320
0!
0-
#11322
1!
1-
#11324
0!
0-
#11326
1!
1-
#11328
0!
0"
0%
0-
0.
01
b0010 8
#11330
1!
1-
#11332
0!
0-
#11334
1!
1-
#11336
0!
0-
#11338
1!
1-
#11340
0!
1"
1%
1'
0-
1.
11
13
#11342
1!
1-
#11344
0!
0-
#11346
1!
1-
#11348
0!
0-
#11350
1!
1-
#11352
0!
0"
0%
0-
0.
01
b0000000000000001 7
b0011 8
#11354
1!
1-
#11356
0!
0-
#11358
1!
1-
#11360
0!
0-
#11362
1!
1-
#11364
0!
1"
1%
0'
0-
1.
11
03
#11366
1!
1-
#11368
0!
0-
#11370
1!
1-
#11372
0!
0-
#11374
1!
1-
#11376
0!
0"
0%
0-
0.
01
b0000000000000010 7
b0100 8
#11378
1!
1-
#11380
0!
0-
#11382
1!
1-
#11384
0!
0-
#11386
1!
1-
#11388
0!
1"
1%
1'
0-
1.
11
13
#11390
1!
1-
#11392
0!
0-
#11394
1!
1-
#11396
0!
0-
#11398
1!
1-
#11400
0!
0"
0%
0-
0.
01
b0000000000000101 7
b0101 8
#11402
1!
1-
#11404
0!
0-
#11406
1!
1-
#11408
0!
0-
#11410
1!
1-
#11412
0!
1"
1%
0'
0-
1.
11
03
#11414
1!
1-
#11416
0!
0-
#11418
1!
1-
#11420
0!
0-
#11422
1!
1-
#11424
0!
0"
0%
0-
0.
01
b0000000000001010 7
b0110 8
#11426
1!
1-
#11428
0!
0-
#11430
1!
1-
#11432
0!
0-
#11434
1!
1-
#11436
0!
1"
1%
1'
0-
1.
11
13
#11438
1!
1-
#11440
0!
0-
#11442
1!
1-
#11444
0!
0-
#11446
1!
1-
#11448
0!
0"
0%
0-
0.
01
b0000000000010101 7
b0111 8
#11450
1!
1-
#11452
0!
0-
#11454
1!
1-
#11456
0!
0-
#11458
1!
1-
#11460
0!
1"
1%
0-
1.
11
#11462
1!
1-
#11464
0!
0-
#11466
1!
1-
#11468
0!
0-
#11470
1!
1-
#11472
0!
0"
0%
0-
0.
01
b0000000000101011 7
b1000 8
#11474
1!
1-
#11476
0!
0-
#11478
1!
1-
#11480
0!
0-
#11482
1!
1-
#11484
0!
1"
1%
0'
0-
1.
11
03
#11486
1!
1-
#11488
0!
0-
#11490
1!
1-
#11492
0!
0-
#11494
1!
1-
#11496
0!
0"
0%
0-
0.
01
b0000000001010110 7
b1001 8
#11498
1!
1-
#11500
0!
0#
0-
0/
#11502
1!
1-
#11504
0!
0-
#11506
1!
1-
#11508
0!
1"
1%
0-
1.
11
b10 <
#11510
1!
1-
#11512
0!
0-
#11514
1!
1-
#11516
0!
0-
#11518
1!
1-
#11520
0!
0"
0%
0-
0.
01
b0000000010101100 7
b1010 8
#11522
1!
1-
#11524
0!
0-
#11526
1!
1-
#11528
0!
0-
#11530
1!
1-
#11532
0!
1"
1%
0-
1.
11
b00 <
#11534
1!
1-
#11536
0!
0-
#11538
1!
1-
#11540
0!
0-
#11542
1!
1-
#11544
0!
0"
0%
0-
0.
01
b0000000101011000 7
b1011 8
#11546
1!
1-
#11548
0!
0-
#11550
1!
1-
#11552
0!
0-
#11554
1!
1-
#11556
0!
1"
1%
0-
1.
11
#11558
1!
1-
#11560
0!
0-
#11562
1!
1-
#11564
0!
0-
#11566
1!
1-
#11568
0!
0"
0%
0-
0.
01
b0000001010110000 7
b1100 8
#11570
1!
1-
#11572
0!
0-
#11574
1!
1-
#11576
0!
0-
#11578
1!
1-
#11580
0!
1"
1%
0-
1.
11
#11582
1!
1-
#11584
0!
0-
#11586
1!
1-
#11588
0!
0-
#11590
1!
1-
#11592
0!
0"
0%
0-
0.
01
b0000010101100000 7
b1101 8
#11594
1!
1-
#11596
0!
0-
#11598
1!
1-
#11600
0!
0-
#11602
1!
1-
#11604
0!
1"
1%
0-
1.
11
#11606
1!
1-
#11608
0!
0-
#11610
1!
1-
#11612
0!
0-
#11614
1!
1-
#11616
0!
0"
0%
0-
0.
01
b0000101011000000 7
b1110 8
#11618
1!
1-
#11620
0!
0-
#11622
1!
1-
#11624
0!
0-
#11626
1!
1-
#11628
0!
1"
1%
0-
1.
11
#11630
1!
1-
#11632
0!
0-
#11634
1!
1-
#11636
0!
0-
#11638
1!
1-
#11640
0!
0"
0%
0-
0.
01
b0001010110000000 7
b1111 8
#11642
1!
1-
#11644
0!
0-
#11646
1!
1-
#11648
0!
0-
#11650
1!
1-
#11652
0!
1"
1%
b0010101100000100 +
0-
1.
11
#11654
1!
1-
#11656
0!
0-
#11658
1!
1-
#11660
0!
0-
#11662
1!
1-
#11664
0!
0"
0%
0-
0.
01
b0010101100000000 7
b0000 8
b010 ?
#11666
1!
1-
#11668
0!
0-
#11670
1!
1-
#11672
0!
0-
#11674
1!
1-
#11676
0!
1"
1%
0-
1.
11
#11678
1!
1-
#11680
0!
0-
#11682
1!
1-
#11684
0!
0-
#11686
1!
1-
#11688
0!
0"
0%
1&
0-
0.
01
12
0;
b000 ?
#11690
1!
1-
b10 =
1>
#11692
0!
0-
#11694
1!
b0000101011000000 (
1-
b0000101011000000 4
b00 =
0>
b0000101011000000 @
0A
#11696
0!
0-
#11698
1!
1)
1-
15
1A
#11700
0!
1"
0-
1.
#11702
1!
0)
1-
05
#11704
0!
0-
#11706
1!
1-
#11708
0!
0-
#11710
1!
1-
#11712
0!
0"
0-
0.
#11714
1!
1-
#11716
0!
0-
#11718
1!
1-
#11720
0!
0-
#11722
1!
1-
#11724
0!
1"
0-
1.
#11726
1!
1-
#11728
0!
0-
#11730
1!
1-
#11732
0!
0-
#11734
1!
1-
#11736
0!
0"
0-
0.
#11738
1!
1-
#11740
0!
0-
#11742
1!
1-
#11744
0!
0-
#11746
1!
1-
#11748
0!
1"
0-
1.
#11750
1!
1#
1-
1/
#11752
0!
0-
#11754
1!
1-
#11756
0!
0-
#11758
1!
1-
#11760
0!
0"
0-
0.
#11762
1!
1-
#11764
0!
0-
#11766
1!
1-
#11768
0!
0-
#11770
1!
1-
#11772
0!
1"
0-
1.
1:
b01 <
#11774
1!
1-
#11776
0!
0-
#11778
1!
1-
#11780
0!
0-
#11782
1!
1-
#11784
0!
0"
0&
0-
0.
02
b0000000000000000 7
1;
b001 ?
#11786
1!
1-
b01 =
#11788
0!
0-
#11790
1!
1-
b11 =
#11792
0!
0-
#11794
1!
1-
#11796
0!
1"
1%
0-
1.
11
0:
b11 <
#11798
1!
1-
#11800
0!
0-
#11802
1!
1-
#11804
0!
0-
#11806
1!
1-
#11808
0!
0"
0%
0-
0.
01
b0001 8
#11810
1!
1-
#11812
0!
0-
#11814
1!
1-
#11816
0!
0-
#11818
1!
1-
#11820
0!
1"
1%
0-
1.
11
#11822
1!
1-
#11824
0!
0-
#11826
1!
1-
#11828
0!
0-
#11830
1!
1-
#11832
0!
0"
0%
0-
0.
01
b0010 8
#11834
1!
1-
#11836
0!
0-
#11838
1!
1-
#11840
0!
0-
#11842
1!
1-
#11844
0!
1"
1%
1'
0-
1.
11
13
#11846
1!
1-
#11848
0!
0-
#11850
1!
1-
#11852
0!
0-
#11854
1!
1-
#11856
0!
0"
0%
0-
0.
01
b0000000000000001 7
b0011 8
#11858
1!
1-
#11860
0!
0-
#11862
1!
1-
#11864
0!
0-
#11866
1!
1-
#11868
0!
1"
1%
0'
0-
1.
11
03
#11870
1!
1-
#11872
0!
0-
#11874
1!
1-
#11876
0!
0-
#11878
1!
1-
#11880
0!
0"
0%
0-
0.
01
b0000000000000010 7
b0100 8
#11882
1!
1-
#11884
0!
0-
#11886
1!
1-
#11888
0!
0-
#11890
1!
1-
#11892
0!
1"
1%
1'
0-
1.
11
13
#11894
1!
1-
#11896
0!
0-
#11898
1!
1-
#11900
0!
0-
#11902
1!
1-
#11904
0!
0"
0%
0-
0.
01
b0000000000000101 7
b0101 8
#11906
1!
1-
#11908
0!
0-
#11910
1!
1-
#11912
0!
0-
#11914
1!
1-
#11916
0!
1"
1%
0'
0-
1.
11
03
#11918
1!
1-
#11920
0!
0-
#11922
1!
1-
#11924
0!
0-
#11926
1!
1-
#11928
0!
0"
0%
0-
0.
01
b0000000000001010 7
b0110 8
#11930
1!
1-
#11932
0!
0-
#11934
1!
1-
#11936
0!
0-
#11938
1!
1-
#11940
0!
1"
1%
1'
0-
1.
11
13
#11942
1!
1-
#11944
0!
0-
#11946
1!
1-
#11948
0!
0-
#11950
1!
1-
#11952
0!
0"
0%
0-
0.
01
b0000000000010101 7
b0111 8
#11954
1!
1-
#11956
0!
0-
#11958
1!
1-
#11960
0!
0-
#11962
1!
1-
#11964
0!
1"
1%
0-
1.
11
#11966
1!
1-
#11968
0!
0-
#11970
1!
1-
#11972
0!
0-
#11974
1!
1-
#11976
0!
0"
0%
0-
0.
01
b0000000000101011 7
b1000 8
#11978
1!
1-
#11980
0!
0-
#11982
1!
1-
#11984
0!
0-
#11986
1!
1-
#11988
0!
1"
1%
0'
0-
1.
11
03
#11990
1!
1-
#11992
0!
0-
#11994
1!
1-
#11996
0!
0-
#11998
1!
1-
#12000
0!
0"
0#
0%
0-
0.
0/
01
b0000000001010110 7
b1001 8
#12002
1!
1-
#12004
0!
0-
#12006
1!
1-
#12008
0!
0-
#12010
1!
1-
#12012
0!
1"
1%
0-
1.
11
b10 <
#12014
1!
1-
#12016
0!
0-
#12018
1!
1-
#12020
0!
0-
#12022
1!
1-
#12024
0!
0"
0%
0-
0.
01
b0000000010101100 7
b1010 8
#12026
1!
1-
#12028
0!
0-
#12030
1!
1-
#12032
0!
0-
#12034
1!
1-
#12036
0!
1"
1%
0-
1.
11
b00 <
#12038
1!
1-
#12040
0!
0-
#12042
1!
1-
#12044
0!
0-
#12046
1!
1-
#12048
0!
0"
0%
0-
0.
01
b0000000101011000 7
b1011 8
#12050
1!
1-
#12052
0!
0-
#12054
1!
1-
#12056
0!
0-
#12058
1!
1-
#12060
0!
1"
1%
0-
1.
11
#12062
1!
1-
#12064
0!
0-
#12066
1!
1-
#12068
0!
0-
#12070
1!
1-
#12072
0!
0"
0%
0-
0.
01
b0000001010110000 7
b1100 8
#12074
1!
1-
#12076
0!
0-
#12078
1!
1-
#12080
0!
0-
#12082
1!
1-
#12084
0!
1"
1%
0-
1.
11
#12086
1!
1-
#12088
0!
0-
#12090
1!
1-
#12092
0!
0-
#12094
1!
1-
#12096
0!
0"
0%
0-
0.
01
b0000010101100000 7
b1101 8
#12098
1!
1-
#12100
0!
0-
#12102
1!
1-
#12104
0!
0-
#12106
1!
1-
#12108
0!
1"
1%
1'
0-
1.
11
13
#12110
1!
1-
#12112
0!
0-
#12114
1!
1-
#12116
0!
0-
#12118
1!
1-
#12120
0!
0"
0%
0-
0.
01
b0000101011000001 7
b1110 8
#12122
1!
1-
#12124
0!
0-
#12126
1!
1-
#12128
0!
0-
#12130
1!
1-
#12132
0!
1"
1%
0'
0-
1.
11
03
#12134
1!
1-
#12136
0!
0-
#12138
1!
1-
#12140
0!
0-
#12142
1!
1-
#12144
0!
0"
0%
0-
0.
01
b0001010110000010 7
b1111 8
#12146
1!
1-
#12148
0!
0-
#12150
1!
1-
#12152
0!
0-
#12154
1!
1-
#12156
0!
1"
1%
b0010101100001000 +
0-
1.
11
#12158
1!
1-
#12160
0!
0-
#12162
1!
1-
#12164
0!
0-
#12166
1!
1-
#12168
0!
0"
0%
0-
0.
01
b0010101100000100 7
b0000 8
b010 ?
#12170
1!
1-
#12172
0!
0-
#12174
1!
1-
#12176
0!
0-
#12178
1!
1-
#12180
0!
1"
1%
0-
1.
11
#12182
1!
1-
#12184
0!
0-
#12186
1!
1-
#12188
0!
0-
#12190
1!
1-
#12192
0!
0"
0%
1&
0-
0.
01
12
0;
b000 ?
#12194
1!
1-
b10 =
1>
#12196
0!
0-
#12198
1!
b0000101011000001 (
1-
b0000101011000001 4
b00 =
0>
b0000101011000001 @
0A
#12200
0!
0-
#12202
1!
1)
1-
15
1A
#12204
0!
1"
0-
1.
#12206
1!
0)
1-
05
#12208
0!
0-
#12210
1!
1-
#12212
0!
0-
#12214
1!
1-
#12216
0!
0"
0-
0.
#12218
1!
1-
#12220
0!
0-
#12222
1!
1-
#12224
0!
0-
#12226
1!
1-
#12228
0!
1"
0-
1.
#12230
1!
1-
#12232
0!
0-
#12234
1!
1-
#12236
0!
0-
#12238
1!
1-
#12240
0!
0"
0-
0.
#12242
1!
1-
#12244
0!
0-
#12246
1!
1-
#12248
0!
0-
#12250
1!
1#
1-
1/
#12252
0!
1"
0-
1.
1:
b01 <
#12254
1!
1-
#12256
0!
0-
#12258
1!
1-
#12260
0!
0-
#12262
1!
1-
#12264
0!
0"
0&
0-
0.
02
b0000000000000000 7
1;
b001 ?
#12266
1!
1-
b01 =
#12268
0!
0-
#12270
1!
1-
b11 =
#12272
0!
0-
#12274
1!
1-
#12276
0!
1"
1%
0-
1.
11
0:
b11 <
#12278
1!
1-
#12280
0!
0-
#12282
1!
1-
#12284
0!
0-
#12286
1!
1-
#12288
0!
0"
0%
0-
0.
01
b0001 8
#12290
1!
1-
#12292
0!
0-
#12294
1!
1-
#12296
0!
0-
#12298
1!
1-
#12300
0!
1"
1%
0-
1.
11
#12302
1!
1-
#12304
0!
0-
#12306
1!
1-
#12308
0!
0-
#12310
1!
1-
#12312
0!
0"
0%
0-
0.
01
b0010 8
#12314
1!
1-
#12316
0!
0-
#12318
1!
1-
#12320
0!
0-
#12322
1!
1-
#12324
0!
1"
1%
1'
0-
1.
11
13
#12326
1!
1-
#12328
0!
0-
#12330
1!
1-
#12332
0!
0-
#12334
1!
1-
#12336
0!
0"
0%
0-
0.
01
b0000000000000001 7
b0011 8
#12338
1!
1-
#12340
0!
0-
#12342
1!
1-
#12344
0!
0-
#12346
1!
1-
#12348
0!
1"
1%
0'
0-
1.
11
03
#12350
1!
1-
#12352
0!
0-
#12354
1!
1-
#12356
0!
0-
#12358
1!
1-
#12360
0!
0"
0%
0-
0.
01
b0000000000000010 7
b0100 8
#12362
1!
1-
#12364
0!
0-
#12366
1!
1-
#12368
0!
0-
#12370
1!
1-
#12372
0!
1"
1%
1'
0-
1.
11
13
#12374
1!
1-
#12376
0!
0-
#12378
1!
1-
#12380
0!
0-
#12382
1!
1-
#12384
0!
0"
0%
0-
0.
01
b0000000000000101 7
b0101 8
#12386
1!
1-
#12388
0!
0-
#12390
1!
1-
#12392
0!
0-
#12394
1!
1-
#12396
0!
1"
1%
0'
0-
1.
11
03
#12398
1!
1-
#12400
0!
0-
#12402
1!
1-
#12404
0!
0-
#12406
1!
1-
#12408
0!
0"
0%
0-
0.
01
b0000000000001010 7
b0110 8
#12410
1!
1-
#12412
0!
0-
#12414
1!
1-
#12416
0!
0-
#12418
1!
1-
#12420
0!
1"
1%
1'
0-
1.
11
13
#12422
1!
1-
#12424
0!
0-
#12426
1!
1-
#12428
0!
0-
#12430
1!
1-
#12432
0!
0"
0%
0-
0.
01
b0000000000010101 7
b0111 8
#12434
1!
1-
#12436
0!
0-
#12438
1!
1-
#12440
0!
0-
#12442
1!
1-
#12444
0!
1"
1%
0-
1.
11
#12446
1!
1-
#12448
0!
0-
#12450
1!
1-
#12452
0!
0-
#12454
1!
1-
#12456
0!
0"
0%
0-
0.
01
b0000000000101011 7
b1000 8
#12458
1!
1-
#12460
0!
0-
#12462
1!
1-
#12464
0!
0-
#12466
1!
1-
#12468
0!
1"
1%
0'
0-
1.
11
03
#12470
1!
1-
#12472
0!
0-
#12474
1!
1-
#12476
0!
0-
#12478
1!
1-
#12480
0!
0"
0%
0-
0.
01
b0000000001010110 7
b1001 8
#12482
1!
1-
#12484
0!
0-
#12486
1!
1-
#12488
0!
0-
#12490
1!
1-
#12492
0!
1"
1%
0-
1.
11
#12494
1!
1-
#12496
0!
0-
#12498
1!
1-
#12500
0!
0#
0-
0/
#12502
1!
1-
#12504
0!
0"
0%
0-
0.
01
b0000000010101100 7
b1010 8
#12506
1!
1-
#12508
0!
0-
#12510
1!
1-
#12512
0!
0-
#12514
1!
1-
#12516
0!
1"
1%
0-
1.
11
b10 <
#12518
1!
1-
#12520
0!
0-
#12522
1!
1-
#12524
0!
0-
#12526
1!
1-
#12528
0!
0"
0%
0-
0.
01
b0000000101011000 7
b1011 8
#12530
1!
1-
#12532
0!
0-
#12534
1!
1-
#12536
0!
0-
#12538
1!
1-
#12540
0!
1"
1%
0-
1.
11
b00 <
#12542
1!
1-
#12544
0!
0-
#12546
1!
1-
#12548
0!
0-
#12550
1!
1-
#12552
0!
0"
0%
0-
0.
01
b0000001010110000 7
b1100 8
#12554
1!
1-
#12556
0!
0-
#12558
1!
1-
#12560
0!
0-
#12562
1!
1-
#12564
0!
1"
1%
1'
0-
1.
11
13
#12566
1!
1-
#12568
0!
0-
#12570
1!
1-
#12572
0!
0-
#12574
1!
1-
#12576
0!
0"
0%
0-
0.
01
b0000010101100001 7
b1101 8
#12578
1!
1-
#12580
0!
0-
#12582
1!
1-
#12584
0!
0-
#12586
1!
1-
#12588
0!
1"
1%
0'
0-
1.
11
03
#12590
1!
1-
#12592
0!
0-
#12594
1!
1-
#12596
0!
0-
#12598
1!
1-
#12600
0!
0"
0%
0-
0.
01
b0000101011000010 7
b1110 8
#12602
1!
1-
#12604
0!
0-
#12606
1!
1-
#12608
0!
0-
#12610
1!
1-
#12612
0!
1"
1%
0-
1.
11
#12614
1!
1-
#12616
0!
0-
#12618
1!
1-
#12620
0!
0-
#12622
1!
1-
#12624
0!
0"
0%
0-
0.
01
b0001010110000100 7
b1111 8
#12626
1!
1-
#12628
0!
0-
#12630
1!
1-
#12632
0!
0-
#12634
1!
1-
#12636
0!
1"
1%
b0010101100001100 +
0-
1.
11
#12638
1!
1-
#12640
0!
0-
#12642
1!
1-
#12644
0!
0-
#12646
1!
1-
#12648
0!
0"
0%
0-
0.
01
b0010101100001000 7
b0000 8
b010 ?
#12650
1!
1-
#12652
0!
0-
#12654
1!
1-
#12656
0!
0-
#12658
1!
1-
#12660
0!
1"
1%
0-
1.
11
#12662
1!
1-
#12664
0!
0-
#12666
1!
1-
#12668
0!
0-
#12670
1!
1-
#12672
0!
0"
0%
1&
0-
0.
01
12
0;
b000 ?
#12674
1!
1-
b10 =
1>
#12676
0!
0-
#12678
1!
b0000101011000010 (
1-
b0000101011000010 4
b00 =
0>
b0000101011000010 @
0A
#12680
0!
0-
#12682
1!
1)
1-
15
1A
#12684
0!
1"
0-
1.
#12686
1!
0)
1-
05
#12688
0!
0-
#12690
1!
1-
#12692
0!
0-
#12694
1!
1-
#12696
0!
0"
0-
0.
#12698
1!
1-
#12700
0!
0-
#12702
1!
1-
#12704
0!
0-
#12706
1!
1-
#12708
0!
1"
0-
1.
#12710
1!
1-
#12712
0!
0-
#12714
1!
1-
#12716
0!
0-
#12718
1!
1-
#12720
0!
0"
0-
0.
#12722
1!
1-
#12724
0!
0-
#12726
1!
1-
#12728
0!
0-
#12730
1!
1-
#12732
0!
1"
0-
1.
#12734
1!
1-
#12736
0!
0-
#12738
1!
1-
#12740
0!
0-
#12742
1!
1-
#12744
0!
0"
0-
0.
#12746
1!
1-
#12748
0!
0-
#12750
1!
1#
1-
1/
#12752
0!
0-
#12754
1!
1-
#12756
0!
1"
0-
1.
1:
b01 <
#12758
1!
1-
#12760
0!
0-
#12762
1!
1-
#12764
0!
0-
#12766
1!
1-
#12768
0!
0"
0&
0-
0.
02
b0000000000000000 7
1;
b001 ?
#12770
1!
1-
b01 =
#12772
0!
0-
#12774
1!
1-
b11 =
#12776
0!
0-
#12778
1!
1-
#12780
0!
1"
1%
0-
1.
11
0:
b11 <
#12782
1!
1-
#12784
0!
0-
#12786
1!
1-
#12788
0!
0-
#12790
1!
1-
#12792
0!
0"
0%
0-
0.
01
b0001 8
#12794
1!
1-
#12796
0!
0-
#12798
1!
1-
#12800
0!
0-
#12802
1!
1-
#12804
0!
1"
1%
0-
1.
11
#12806
1!
1-
#12808
0!
0-
#12810
1!
1-
#12812
0!
0-
#12814
1!
1-
#12816
0!
0"
0%
0-
0.
01
b0010 8
#12818
1!
1-
#12820
0!
0-
#12822
1!
1-
#12824
0!
0-
#12826
1!
1-
#12828
0!
1"
1%
1'
0-
1.
11
13
#12830
1!
1-
#12832
0!
0-
#12834
1!
1-
#12836
0!
0-
#12838
1!
1-
#12840
0!
0"
0%
0-
0.
01
b0000000000000001 7
b0011 8
#12842
1!
1-
#12844
0!
0-
#12846
1!
1-
#12848
0!
0-
#12850
1!
1-
#12852
0!
1"
1%
0'
0-
1.
11
03
#12854
1!
1-
#12856
0!
0-
#12858
1!
1-
#12860
0!
0-
#12862
1!
1-
#12864
0!
0"
0%
0-
0.
01
b0000000000000010 7
b0100 8
#12866
1!
1-
#12868
0!
0-
#12870
1!
1-
#12872
0!
0-
#12874
1!
1-
#12876
0!
1"
1%
1'
0-
1.
11
13
#12878
1!
1-
#12880
0!
0-
#12882
1!
1-
#12884
0!
0-
#12886
1!
1-
#12888
0!
0"
0%
0-
0.
01
b0000000000000101 7
b0101 8
#12890
1!
1-
#12892
0!
0-
#12894
1!
1-
#12896
0!
0-
#12898
1!
1-
#12900
0!
1"
1%
0'
0-
1.
11
03
#12902
1!
1-
#12904
0!
0-
#12906
1!
1-
#12908
0!
0-
#12910
1!
1-
#12912
0!
0"
0%
0-
0.
01
b0000000000001010 7
b0110 8
#12914
1!
1-
#12916
0!
0-
#12918
1!
1-
#12920
0!
0-
#12922
1!
1-
#12924
0!
1"
1%
1'
0-
1.
11
13
#12926
1!
1-
#12928
0!
0-
#12930
1!
1-
#12932
0!
0-
#12934
1!
1-
#12936
0!
0"
0%
0-
0.
01
b0000000000010101 7
b0111 8
#12938
1!
1-
#12940
0!
0-
#12942
1!
1-
#12944
0!
0-
#12946
1!
1-
#12948
0!
1"
1%
0-
1.
11
#12950
1!
1-
#12952
0!
0-
#12954
1!
1-
#12956
0!
0-
#12958
1!
1-
#12960
0!
0"
0%
0-
0.
01
b0000000000101011 7
b1000 8
#12962
1!
1-
#12964
0!
0-
#12966
1!
1-
#12968
0!
0-
#12970
1!
1-
#12972
0!
1"
1%
0'
0-
1.
11
03
#12974
1!
1-
#12976
0!
0-
#12978
1!
1-
#12980
0!
0-
#12982
1!
1-
#12984
0!
0"
0%
0-
0.
01
b0000000001010110 7
b1001 8
#12986
1!
1-
#12988
0!
0-
#12990
1!
1-
#12992
0!
0-
#12994
1!
1-
#12996
0!
1"
1%
0-
1.
11
#12998
1!
1-
#13000
0!
0#
0-
0/
#13002
1!
1-
#13004
0!
0-
#13006
1!
1-
#13008
0!
0"
0%
0-
0.
01
b0000000010101100 7
b1010 8
#13010
1!
1-
#13012
0!
0-
#13014
1!
1-
#13016
0!
0-
#13018
1!
1-
#13020
0!
1"
1%
0-
1.
11
b10 <
#13022
1!
1-
#13024
0!
0-
#13026
1!
1-
#13028
0!
0-
#13030
1!
1-
#13032
0!
0"
0%
0-
0.
01
b0000000101011000 7
b1011 8
#13034
1!
1-
#13036
0!
0-
#13038
1!
1-
#13040
0!
0-
#13042
1!
1-
#13044
0!
1"
1%
0-
1.
11
b00 <
#13046
1!
1-
#13048
0!
0-
#13050
1!
1-
#13052
0!
0-
#13054
1!
1-
#13056
0!
0"
0%
0-
0.
01
b0000001010110000 7
b1100 8
#13058
1!
1-
#13060
0!
0-
#13062
1!
1-
#13064
0!
0-
#13066
1!
1-
#13068
0!
1"
1%
1'
0-
1.
11
13
#13070
1!
1-
#13072
0!
0-
#13074
1!
1-
#13076
0!
0-
#13078
1!
1-
#13080
0!
0"
0%
0-
0.
01
b0000010101100001 7
b1101 8
#13082
1!
1-
#13084
0!
0-
#13086
1!
1-
#13088
0!
0-
#13090
1!
1-
#13092
0!
1"
1%
0-
1.
11
#13094
1!
1-
#13096
0!
0-
#13098
1!
1-
#13100
0!
0"
0%
1,
0-
0.
01
b0000101011000011 7
b1110 8
